[{"model": "admin.logentry", "pk": 1, "fields": {"action_time": "2023-05-18T23:26:25.668Z", "user": 1, "content_type": 9, "object_id": "2", "object_repr": "hr@example.com", "action_flag": 1, "change_message": "[{\"added\": {}}]"}}, {"model": "admin.logentry", "pk": 2, "fields": {"action_time": "2023-05-18T23:26:48.283Z", "user": 1, "content_type": 9, "object_id": "2", "object_repr": "hr@example.com", "action_flag": 2, "change_message": "[{\"changed\": {\"fields\": [\"\\u0420\\u043e\\u043b\\u044c\", \"\\u0422\\u0435\\u043b\\u0435\\u0444\\u043e\\u043d\"]}}]"}}, {"model": "admin.logentry", "pk": 3, "fields": {"action_time": "2023-05-18T23:27:19.275Z", "user": 1, "content_type": 9, "object_id": "3", "object_repr": "chief@example.com", "action_flag": 1, "change_message": "[{\"added\": {}}]"}}, {"model": "admin.logentry", "pk": 4, "fields": {"action_time": "2023-05-18T23:27:30.329Z", "user": 1, "content_type": 9, "object_id": "3", "object_repr": "chief@example.com", "action_flag": 2, "change_message": "[{\"changed\": {\"fields\": [\"\\u0420\\u043e\\u043b\\u044c\", \"\\u0422\\u0435\\u043b\\u0435\\u0444\\u043e\\u043d\"]}}]"}}, {"model": "admin.logentry", "pk": 5, "fields": {"action_time": "2023-05-18T23:28:02.508Z", "user": 1, "content_type": 9, "object_id": "4", "object_repr": "employee1@example.com", "action_flag": 1, "change_message": "[{\"added\": {}}]"}}, {"model": "admin.logentry", "pk": 6, "fields": {"action_time": "2023-05-18T23:28:18.218Z", "user": 1, "content_type": 9, "object_id": "4", "object_repr": "employee1@example.com", "action_flag": 2, "change_message": "[{\"changed\": {\"fields\": [\"\\u0422\\u0435\\u043b\\u0435\\u0444\\u043e\\u043d\"]}}]"}}, {"model": "admin.logentry", "pk": 7, "fields": {"action_time": "2023-05-18T23:29:18.939Z", "user": 1, "content_type": 8, "object_id": "1", "object_repr": "Фотография", "action_flag": 1, "change_message": "[{\"added\": {}}]"}}, {"model": "admin.logentry", "pk": 8, "fields": {"action_time": "2023-05-18T23:29:24.544Z", "user": 1, "content_type": 8, "object_id": "2", "object_repr": "Путешествия", "action_flag": 1, "change_message": "[{\"added\": {}}]"}}, {"model": "admin.logentry", "pk": 9, "fields": {"action_time": "2023-05-18T23:29:30.472Z", "user": 1, "content_type": 8, "object_id": "3", "object_repr": "Танцы", "action_flag": 1, "change_message": "[{\"added\": {}}]"}}, {"model": "admin.logentry", "pk": 10, "fields": {"action_time": "2023-05-18T23:29:35.006Z", "user": 1, "content_type": 8, "object_id": "4", "object_repr": "Йога и медитация", "action_flag": 1, "change_message": "[{\"added\": {}}]"}}, {"model": "admin.logentry", "pk": 11, "fields": {"action_time": "2023-05-18T23:29:40.305Z", "user": 1, "content_type": 8, "object_id": "5", "object_repr": "Изучение иностранных языков", "action_flag": 1, "change_message": "[{\"added\": {}}]"}}, {"model": "admin.logentry", "pk": 12, "fields": {"action_time": "2023-05-18T23:29:45.798Z", "user": 1, "content_type": 8, "object_id": "6", "object_repr": "Астрономия и космос", "action_flag": 1, "change_message": "[{\"added\": {}}]"}}, {"model": "admin.logentry", "pk": 13, "fields": {"action_time": "2023-05-18T23:29:51.893Z", "user": 1, "content_type": 8, "object_id": "7", "object_repr": "Фильмы и сериалы", "action_flag": 1, "change_message": "[{\"added\": {}}]"}}, {"model": "admin.logentry", "pk": 14, "fields": {"action_time": "2023-05-18T23:29:58.038Z", "user": 1, "content_type": 8, "object_id": "8", "object_repr": "Музыка", "action_flag": 1, "change_message": "[{\"added\": {}}]"}}, {"model": "admin.logentry", "pk": 15, "fields": {"action_time": "2023-05-18T23:30:04.722Z", "user": 1, "content_type": 8, "object_id": "9", "object_repr": "Садоводство", "action_flag": 1, "change_message": "[{\"added\": {}}]"}}, {"model": "admin.logentry", "pk": 16, "fields": {"action_time": "2023-05-18T23:30:11.860Z", "user": 1, "content_type": 8, "object_id": "10", "object_repr": "Рисование", "action_flag": 1, "change_message": "[{\"added\": {}}]"}}, {"model": "admin.logentry", "pk": 17, "fields": {"action_time": "2023-05-18T23:30:29.743Z", "user": 1, "content_type": 8, "object_id": "11", "object_repr": "Вязание", "action_flag": 1, "change_message": "[{\"added\": {}}]"}}, {"model": "admin.logentry", "pk": 18, "fields": {"action_time": "2023-05-18T23:30:47.815Z", "user": 1, "content_type": 8, "object_id": "12", "object_repr": "Фитнес", "action_flag": 1, "change_message": "[{\"added\": {}}]"}}, {"model": "admin.logentry", "pk": 19, "fields": {"action_time": "2023-05-18T23:30:57.533Z", "user": 1, "content_type": 8, "object_id": "13", "object_repr": "Лыжи", "action_flag": 1, "change_message": "[{\"added\": {}}]"}}, {"model": "admin.logentry", "pk": 20, "fields": {"action_time": "2023-05-18T23:31:04.235Z", "user": 1, "content_type": 8, "object_id": "14", "object_repr": "Брейк-данс", "action_flag": 1, "change_message": "[{\"added\": {}}]"}}, {"model": "admin.logentry", "pk": 21, "fields": {"action_time": "2023-05-18T23:31:14.183Z", "user": 1, "content_type": 8, "object_id": "15", "object_repr": "Блоггинг", "action_flag": 1, "change_message": "[{\"added\": {}}]"}}, {"model": "admin.logentry", "pk": 22, "fields": {"action_time": "2023-05-18T23:31:21.791Z", "user": 1, "content_type": 8, "object_id": "16", "object_repr": "Моделизм", "action_flag": 1, "change_message": "[{\"added\": {}}]"}}, {"model": "admin.logentry", "pk": 23, "fields": {"action_time": "2023-05-18T23:31:26.655Z", "user": 1, "content_type": 8, "object_id": "17", "object_repr": "Волонтёрство", "action_flag": 1, "change_message": "[{\"added\": {}}]"}}, {"model": "admin.logentry", "pk": 24, "fields": {"action_time": "2023-05-18T23:31:35.570Z", "user": 1, "content_type": 8, "object_id": "18", "object_repr": "Сноубординг", "action_flag": 1, "change_message": "[{\"added\": {}}]"}}, {"model": "admin.logentry", "pk": 25, "fields": {"action_time": "2023-05-18T23:31:42.829Z", "user": 1, "content_type": 8, "object_id": "19", "object_repr": "Покер", "action_flag": 1, "change_message": "[{\"added\": {}}]"}}, {"model": "admin.logentry", "pk": 26, "fields": {"action_time": "2023-05-18T23:31:47.442Z", "user": 1, "content_type": 8, "object_id": "20", "object_repr": "Рыбалка", "action_flag": 1, "change_message": "[{\"added\": {}}]"}}, {"model": "admin.logentry", "pk": 27, "fields": {"action_time": "2023-05-18T23:31:54.241Z", "user": 1, "content_type": 8, "object_id": "21", "object_repr": "Пение", "action_flag": 1, "change_message": "[{\"added\": {}}]"}}, {"model": "admin.logentry", "pk": 28, "fields": {"action_time": "2023-05-18T23:32:08.837Z", "user": 1, "content_type": 8, "object_id": "22", "object_repr": "Шахматы", "action_flag": 1, "change_message": "[{\"added\": {}}]"}}, {"model": "admin.logentry", "pk": 29, "fields": {"action_time": "2023-05-18T23:32:20.327Z", "user": 1, "content_type": 8, "object_id": "23", "object_repr": "Карвинг", "action_flag": 1, "change_message": "[{\"added\": {}}]"}}, {"model": "admin.logentry", "pk": 30, "fields": {"action_time": "2023-05-18T23:32:25.866Z", "user": 1, "content_type": 8, "object_id": "24", "object_repr": "Астрология", "action_flag": 1, "change_message": "[{\"added\": {}}]"}}, {"model": "admin.logentry", "pk": 31, "fields": {"action_time": "2023-05-18T23:32:38.986Z", "user": 1, "content_type": 8, "object_id": "25", "object_repr": "Волейбол", "action_flag": 1, "change_message": "[{\"added\": {}}]"}}, {"model": "admin.logentry", "pk": 32, "fields": {"action_time": "2023-05-18T23:35:17.409Z", "user": 1, "content_type": 6, "object_id": "1", "object_repr": "Отдел маркетинга", "action_flag": 1, "change_message": "[{\"added\": {}}]"}}, {"model": "admin.logentry", "pk": 33, "fields": {"action_time": "2023-05-18T23:35:37.020Z", "user": 1, "content_type": 6, "object_id": "2", "object_repr": "Отдел разработки", "action_flag": 1, "change_message": "[{\"added\": {}}]"}}, {"model": "admin.logentry", "pk": 34, "fields": {"action_time": "2023-05-18T23:35:50.857Z", "user": 1, "content_type": 6, "object_id": "3", "object_repr": "Отдел финансов", "action_flag": 1, "change_message": "[{\"added\": {}}]"}}, {"model": "admin.logentry", "pk": 35, "fields": {"action_time": "2023-05-18T23:36:06.437Z", "user": 1, "content_type": 6, "object_id": "4", "object_repr": "Отдел кадров", "action_flag": 1, "change_message": "[{\"added\": {}}]"}}, {"model": "admin.logentry", "pk": 36, "fields": {"action_time": "2023-05-18T23:36:22.997Z", "user": 1, "content_type": 6, "object_id": "5", "object_repr": "Отдел продаж", "action_flag": 1, "change_message": "[{\"added\": {}}]"}}, {"model": "admin.logentry", "pk": 37, "fields": {"action_time": "2023-05-18T23:36:55.693Z", "user": 1, "content_type": 6, "object_id": "6", "object_repr": "Отдел IT-поддержки", "action_flag": 1, "change_message": "[{\"added\": {}}]"}}, {"model": "admin.logentry", "pk": 38, "fields": {"action_time": "2023-05-18T23:37:15.652Z", "user": 1, "content_type": 6, "object_id": "7", "object_repr": "Отдел закупок и снабжения", "action_flag": 1, "change_message": "[{\"added\": {}}]"}}, {"model": "admin.logentry", "pk": 39, "fields": {"action_time": "2023-05-18T23:37:40.432Z", "user": 1, "content_type": 7, "object_id": "1", "object_repr": "Менеджер", "action_flag": 1, "change_message": "[{\"added\": {}}]"}}, {"model": "admin.logentry", "pk": 40, "fields": {"action_time": "2023-05-18T23:37:57.056Z", "user": 1, "content_type": 7, "object_id": "2", "object_repr": "Помощник менеджера", "action_flag": 1, "change_message": "[{\"added\": {}}]"}}, {"model": "admin.logentry", "pk": 41, "fields": {"action_time": "2023-05-18T23:38:56.595Z", "user": 1, "content_type": 7, "object_id": "3", "object_repr": "Директор", "action_flag": 1, "change_message": "[{\"added\": {}}]"}}, {"model": "admin.logentry", "pk": 42, "fields": {"action_time": "2023-05-18T23:39:11.673Z", "user": 1, "content_type": 7, "object_id": "4", "object_repr": "Руководитель разработки", "action_flag": 1, "change_message": "[{\"added\": {}}]"}}, {"model": "admin.logentry", "pk": 43, "fields": {"action_time": "2023-05-18T23:39:19.322Z", "user": 1, "content_type": 7, "object_id": "5", "object_repr": "Веб-разработчик", "action_flag": 1, "change_message": "[{\"added\": {}}]"}}, {"model": "admin.logentry", "pk": 44, "fields": {"action_time": "2023-05-18T23:39:28.280Z", "user": 1, "content_type": 7, "object_id": "6", "object_repr": "Мобильный разработчик", "action_flag": 1, "change_message": "[{\"added\": {}}]"}}, {"model": "admin.logentry", "pk": 45, "fields": {"action_time": "2023-05-18T23:39:36.497Z", "user": 1, "content_type": 7, "object_id": "7", "object_repr": "Тестировщик программного обеспечения", "action_flag": 1, "change_message": "[{\"added\": {}}]"}}, {"model": "admin.logentry", "pk": 46, "fields": {"action_time": "2023-05-18T23:39:43.899Z", "user": 1, "content_type": 7, "object_id": "8", "object_repr": "Дизайнер пользовательского интерфейса", "action_flag": 1, "change_message": "[{\"added\": {}}]"}}, {"model": "admin.logentry", "pk": 47, "fields": {"action_time": "2023-05-18T23:40:11.203Z", "user": 1, "content_type": 7, "object_id": "9", "object_repr": "Маркетинговый менеджер", "action_flag": 1, "change_message": "[{\"added\": {}}]"}}, {"model": "admin.logentry", "pk": 48, "fields": {"action_time": "2023-05-18T23:40:17.693Z", "user": 1, "content_type": 7, "object_id": "10", "object_repr": "Специалист по цифровому маркетингу", "action_flag": 1, "change_message": "[{\"added\": {}}]"}}, {"model": "admin.logentry", "pk": 49, "fields": {"action_time": "2023-05-18T23:40:23.635Z", "user": 1, "content_type": 7, "object_id": "11", "object_repr": "Копирайтер", "action_flag": 1, "change_message": "[{\"added\": {}}]"}}, {"model": "admin.logentry", "pk": 50, "fields": {"action_time": "2023-05-18T23:40:32.888Z", "user": 1, "content_type": 7, "object_id": "12", "object_repr": "Медиа-планировщик", "action_flag": 1, "change_message": "[{\"added\": {}}]"}}, {"model": "admin.logentry", "pk": 51, "fields": {"action_time": "2023-05-18T23:40:39.029Z", "user": 1, "content_type": 7, "object_id": "13", "object_repr": "Аналитик маркетинга", "action_flag": 1, "change_message": "[{\"added\": {}}]"}}, {"model": "admin.logentry", "pk": 52, "fields": {"action_time": "2023-05-18T23:40:48.552Z", "user": 1, "content_type": 7, "object_id": "14", "object_repr": "Финансовый директор", "action_flag": 1, "change_message": "[{\"added\": {}}]"}}, {"model": "admin.logentry", "pk": 53, "fields": {"action_time": "2023-05-18T23:40:56.779Z", "user": 1, "content_type": 7, "object_id": "15", "object_repr": "Бухгалтер", "action_flag": 1, "change_message": "[{\"added\": {}}]"}}, {"model": "admin.logentry", "pk": 54, "fields": {"action_time": "2023-05-18T23:41:06.638Z", "user": 1, "content_type": 7, "object_id": "16", "object_repr": "Финансовый аналитик", "action_flag": 1, "change_message": "[{\"added\": {}}]"}}, {"model": "admin.logentry", "pk": 55, "fields": {"action_time": "2023-05-18T23:41:12.804Z", "user": 1, "content_type": 7, "object_id": "17", "object_repr": "Кредитный аналитик", "action_flag": 1, "change_message": "[{\"added\": {}}]"}}, {"model": "admin.logentry", "pk": 56, "fields": {"action_time": "2023-05-18T23:41:23.001Z", "user": 1, "content_type": 7, "object_id": "18", "object_repr": "Руководитель отдела кадров", "action_flag": 1, "change_message": "[{\"added\": {}}]"}}, {"model": "admin.logentry", "pk": 57, "fields": {"action_time": "2023-05-18T23:43:34.804Z", "user": 1, "content_type": 7, "object_id": "19", "object_repr": "Специалист по подбору персонала", "action_flag": 1, "change_message": "[{\"added\": {}}]"}}, {"model": "admin.logentry", "pk": 58, "fields": {"action_time": "2023-05-18T23:43:51.775Z", "user": 1, "content_type": 7, "object_id": "20", "object_repr": "HR-менеджер", "action_flag": 1, "change_message": "[{\"added\": {}}]"}}, {"model": "admin.logentry", "pk": 59, "fields": {"action_time": "2023-05-18T23:44:02.947Z", "user": 1, "content_type": 7, "object_id": "21", "object_repr": "Тренер по развитию персонала", "action_flag": 1, "change_message": "[{\"added\": {}}]"}}, {"model": "admin.logentry", "pk": 60, "fields": {"action_time": "2023-05-18T23:46:43.066Z", "user": 1, "content_type": 7, "object_id": "22", "object_repr": "Ключевой клиент-менеджер", "action_flag": 1, "change_message": "[{\"added\": {}}]"}}, {"model": "admin.logentry", "pk": 61, "fields": {"action_time": "2023-05-18T23:46:50.348Z", "user": 1, "content_type": 7, "object_id": "23", "object_repr": "Торговый представитель", "action_flag": 1, "change_message": "[{\"added\": {}}]"}}, {"model": "admin.logentry", "pk": 62, "fields": {"action_time": "2023-05-18T23:47:03.339Z", "user": 1, "content_type": 7, "object_id": "24", "object_repr": "Специалист по работе с клиентами", "action_flag": 1, "change_message": "[{\"added\": {}}]"}}, {"model": "admin.logentry", "pk": 63, "fields": {"action_time": "2023-05-18T23:47:12.207Z", "user": 1, "content_type": 7, "object_id": "25", "object_repr": "Руководитель IT-поддержки", "action_flag": 1, "change_message": "[{\"added\": {}}]"}}, {"model": "admin.logentry", "pk": 64, "fields": {"action_time": "2023-05-18T23:47:26.817Z", "user": 1, "content_type": 7, "object_id": "26", "object_repr": "Системный администратор", "action_flag": 1, "change_message": "[{\"added\": {}}]"}}, {"model": "admin.logentry", "pk": 65, "fields": {"action_time": "2023-05-18T23:47:33.422Z", "user": 1, "content_type": 7, "object_id": "27", "object_repr": "Сетевой инженер", "action_flag": 1, "change_message": "[{\"added\": {}}]"}}, {"model": "admin.logentry", "pk": 66, "fields": {"action_time": "2023-05-18T23:47:52.343Z", "user": 1, "content_type": 7, "object_id": "28", "object_repr": "Специалист по информационной безопасности", "action_flag": 1, "change_message": "[{\"added\": {}}]"}}, {"model": "admin.logentry", "pk": 67, "fields": {"action_time": "2023-05-18T23:48:23.893Z", "user": 1, "content_type": 7, "object_id": "29", "object_repr": "Специалист по снабжению", "action_flag": 1, "change_message": "[{\"added\": {}}]"}}, {"model": "admin.logentry", "pk": 68, "fields": {"action_time": "2023-05-18T23:48:29.801Z", "user": 1, "content_type": 7, "object_id": "30", "object_repr": "Логист", "action_flag": 1, "change_message": "[{\"added\": {}}]"}}, {"model": "admin.logentry", "pk": 69, "fields": {"action_time": "2023-05-18T23:48:37.725Z", "user": 1, "content_type": 7, "object_id": "31", "object_repr": "Аналитик закупок", "action_flag": 1, "change_message": "[{\"added\": {}}]"}}, {"model": "admin.logentry", "pk": 70, "fields": {"action_time": "2023-05-19T00:53:51.892Z", "user": 1, "content_type": 7, "object_id": "3", "object_repr": "Директор", "action_flag": 2, "change_message": "[{\"changed\": {\"fields\": [\"\\u0420\\u0443\\u043a\\u043e\\u0432\\u043e\\u0434\\u044f\\u0449\\u0430\\u044f \\u0434\\u043e\\u043b\\u0436\\u043d\\u043e\\u0441\\u0442\\u044c\"]}}]"}}, {"model": "admin.logentry", "pk": 71, "fields": {"action_time": "2023-05-19T00:53:56.096Z", "user": 1, "content_type": 7, "object_id": "4", "object_repr": "Руководитель разработки", "action_flag": 2, "change_message": "[{\"changed\": {\"fields\": [\"\\u0420\\u0443\\u043a\\u043e\\u0432\\u043e\\u0434\\u044f\\u0449\\u0430\\u044f \\u0434\\u043e\\u043b\\u0436\\u043d\\u043e\\u0441\\u0442\\u044c\"]}}]"}}, {"model": "admin.logentry", "pk": 72, "fields": {"action_time": "2023-05-19T00:54:03.906Z", "user": 1, "content_type": 7, "object_id": "14", "object_repr": "Финансовый директор", "action_flag": 2, "change_message": "[{\"changed\": {\"fields\": [\"\\u0420\\u0443\\u043a\\u043e\\u0432\\u043e\\u0434\\u044f\\u0449\\u0430\\u044f \\u0434\\u043e\\u043b\\u0436\\u043d\\u043e\\u0441\\u0442\\u044c\"]}}]"}}, {"model": "admin.logentry", "pk": 73, "fields": {"action_time": "2023-05-19T00:54:11.843Z", "user": 1, "content_type": 7, "object_id": "25", "object_repr": "Руководитель IT-поддержки", "action_flag": 2, "change_message": "[{\"changed\": {\"fields\": [\"\\u0420\\u0443\\u043a\\u043e\\u0432\\u043e\\u0434\\u044f\\u0449\\u0430\\u044f \\u0434\\u043e\\u043b\\u0436\\u043d\\u043e\\u0441\\u0442\\u044c\"]}}]"}}, {"model": "admin.logentry", "pk": 74, "fields": {"action_time": "2023-05-19T00:54:30.821Z", "user": 1, "content_type": 7, "object_id": "18", "object_repr": "Руководитель отдела кадров", "action_flag": 2, "change_message": "[{\"changed\": {\"fields\": [\"\\u0420\\u0443\\u043a\\u043e\\u0432\\u043e\\u0434\\u044f\\u0449\\u0430\\u044f \\u0434\\u043e\\u043b\\u0436\\u043d\\u043e\\u0441\\u0442\\u044c\"]}}]"}}, {"model": "admin.logentry", "pk": 75, "fields": {"action_time": "2023-05-19T00:55:51.982Z", "user": 1, "content_type": 9, "object_id": "2", "object_repr": "hr@example.com", "action_flag": 2, "change_message": "[{\"changed\": {\"fields\": [\"\\u041e\\u0442\\u0434\\u0435\\u043b\", \"\\u0414\\u043e\\u043b\\u0436\\u043d\\u043e\\u0441\\u0442\\u044c\", \"\\u0425\\u043e\\u0431\\u0431\\u0438\"]}}]"}}, {"model": "admin.logentry", "pk": 76, "fields": {"action_time": "2023-05-19T00:56:08.820Z", "user": 1, "content_type": 9, "object_id": "4", "object_repr": "employee1@example.com", "action_flag": 2, "change_message": "[{\"changed\": {\"fields\": [\"\\u041e\\u0442\\u0434\\u0435\\u043b\", \"\\u0414\\u043e\\u043b\\u0436\\u043d\\u043e\\u0441\\u0442\\u044c\", \"\\u0425\\u043e\\u0431\\u0431\\u0438\"]}}]"}}, {"model": "admin.logentry", "pk": 77, "fields": {"action_time": "2023-05-19T00:56:33.603Z", "user": 1, "content_type": 9, "object_id": "3", "object_repr": "chief@example.com", "action_flag": 2, "change_message": "[{\"changed\": {\"fields\": [\"\\u041e\\u0442\\u0434\\u0435\\u043b\", \"\\u0414\\u043e\\u043b\\u0436\\u043d\\u043e\\u0441\\u0442\\u044c\", \"\\u0425\\u043e\\u0431\\u0431\\u0438\"]}}]"}}, {"model": "admin.logentry", "pk": 78, "fields": {"action_time": "2023-05-19T01:04:58.369Z", "user": 1, "content_type": 9, "object_id": "5", "object_repr": "marina.sokolova@example.com", "action_flag": 1, "change_message": "[{\"added\": {}}]"}}, {"model": "admin.logentry", "pk": 79, "fields": {"action_time": "2023-05-19T01:05:17.526Z", "user": 1, "content_type": 9, "object_id": "5", "object_repr": "marina.sokolova@example.com", "action_flag": 2, "change_message": "[{\"changed\": {\"fields\": [\"\\u041e\\u0442\\u0434\\u0435\\u043b\", \"\\u0414\\u043e\\u043b\\u0436\\u043d\\u043e\\u0441\\u0442\\u044c\", \"\\u0422\\u0435\\u043b\\u0435\\u0444\\u043e\\u043d\", \"\\u0425\\u043e\\u0431\\u0431\\u0438\"]}}]"}}, {"model": "admin.logentry", "pk": 80, "fields": {"action_time": "2023-05-19T01:05:41.824Z", "user": 1, "content_type": 9, "object_id": "6", "object_repr": "alexander.pavlov@example.com", "action_flag": 1, "change_message": "[{\"added\": {}}]"}}, {"model": "admin.logentry", "pk": 81, "fields": {"action_time": "2023-05-19T01:06:04.757Z", "user": 1, "content_type": 9, "object_id": "6", "object_repr": "alexander.pavlov@example.com", "action_flag": 2, "change_message": "[{\"changed\": {\"fields\": [\"\\u041e\\u0442\\u0434\\u0435\\u043b\", \"\\u0414\\u043e\\u043b\\u0436\\u043d\\u043e\\u0441\\u0442\\u044c\", \"\\u0420\\u043e\\u043b\\u044c\", \"\\u0422\\u0435\\u043b\\u0435\\u0444\\u043e\\u043d\"]}}]"}}, {"model": "admin.logentry", "pk": 82, "fields": {"action_time": "2023-05-19T01:06:21.750Z", "user": 1, "content_type": 9, "object_id": "7", "object_repr": "elena.volkova@example.com", "action_flag": 1, "change_message": "[{\"added\": {}}]"}}, {"model": "admin.logentry", "pk": 83, "fields": {"action_time": "2023-05-19T01:06:38.385Z", "user": 1, "content_type": 9, "object_id": "7", "object_repr": "elena.volkova@example.com", "action_flag": 2, "change_message": "[{\"changed\": {\"fields\": [\"\\u041e\\u0442\\u0434\\u0435\\u043b\", \"\\u0414\\u043e\\u043b\\u0436\\u043d\\u043e\\u0441\\u0442\\u044c\", \"\\u0425\\u043e\\u0431\\u0431\\u0438\"]}}]"}}, {"model": "admin.logentry", "pk": 84, "fields": {"action_time": "2023-05-19T01:07:26.161Z", "user": 1, "content_type": 9, "object_id": "8", "object_repr": "dmitry.kozlov@example.com", "action_flag": 1, "change_message": "[{\"added\": {}}]"}}, {"model": "admin.logentry", "pk": 85, "fields": {"action_time": "2023-05-19T01:07:47.111Z", "user": 1, "content_type": 9, "object_id": "8", "object_repr": "dmitry.kozlov@example.com", "action_flag": 2, "change_message": "[{\"changed\": {\"fields\": [\"\\u041e\\u0442\\u0434\\u0435\\u043b\", \"\\u0414\\u043e\\u043b\\u0436\\u043d\\u043e\\u0441\\u0442\\u044c\", \"\\u0422\\u0435\\u043b\\u0435\\u0444\\u043e\\u043d\", \"\\u0425\\u043e\\u0431\\u0431\\u0438\"]}}]"}}, {"model": "admin.logentry", "pk": 86, "fields": {"action_time": "2023-05-19T01:08:13.463Z", "user": 1, "content_type": 9, "object_id": "9", "object_repr": "anna.morozova@example.com", "action_flag": 1, "change_message": "[{\"added\": {}}]"}}, {"model": "admin.logentry", "pk": 87, "fields": {"action_time": "2023-05-19T01:08:37.031Z", "user": 1, "content_type": 9, "object_id": "9", "object_repr": "anna.morozova@example.com", "action_flag": 2, "change_message": "[{\"changed\": {\"fields\": [\"\\u041e\\u0442\\u0434\\u0435\\u043b\", \"\\u0414\\u043e\\u043b\\u0436\\u043d\\u043e\\u0441\\u0442\\u044c\", \"\\u0422\\u0435\\u043b\\u0435\\u0444\\u043e\\u043d\", \"\\u0425\\u043e\\u0431\\u0431\\u0438\"]}}]"}}, {"model": "admin.logentry", "pk": 88, "fields": {"action_time": "2023-05-19T01:08:55.687Z", "user": 1, "content_type": 9, "object_id": "10", "object_repr": "alexey.ivanov@example.com", "action_flag": 1, "change_message": "[{\"added\": {}}]"}}, {"model": "admin.logentry", "pk": 89, "fields": {"action_time": "2023-05-19T01:09:18.747Z", "user": 1, "content_type": 9, "object_id": "10", "object_repr": "alexey.ivanov@example.com", "action_flag": 2, "change_message": "[{\"changed\": {\"fields\": [\"\\u041e\\u0442\\u0434\\u0435\\u043b\", \"\\u0414\\u043e\\u043b\\u0436\\u043d\\u043e\\u0441\\u0442\\u044c\", \"\\u0420\\u043e\\u043b\\u044c\", \"\\u0422\\u0435\\u043b\\u0435\\u0444\\u043e\\u043d\", \"\\u0425\\u043e\\u0431\\u0431\\u0438\"]}}]"}}, {"model": "admin.logentry", "pk": 90, "fields": {"action_time": "2023-05-19T01:09:39.739Z", "user": 1, "content_type": 9, "object_id": "11", "object_repr": "mikhail.smirnov@example.com", "action_flag": 1, "change_message": "[{\"added\": {}}]"}}, {"model": "admin.logentry", "pk": 91, "fields": {"action_time": "2023-05-19T01:10:00.866Z", "user": 1, "content_type": 9, "object_id": "11", "object_repr": "mikhail.smirnov@example.com", "action_flag": 2, "change_message": "[{\"changed\": {\"fields\": [\"\\u041e\\u0442\\u0434\\u0435\\u043b\", \"\\u0414\\u043e\\u043b\\u0436\\u043d\\u043e\\u0441\\u0442\\u044c\", \"\\u0422\\u0435\\u043b\\u0435\\u0444\\u043e\\u043d\", \"\\u0425\\u043e\\u0431\\u0431\\u0438\"]}}]"}}, {"model": "admin.logentry", "pk": 92, "fields": {"action_time": "2023-05-19T01:10:26.430Z", "user": 1, "content_type": 9, "object_id": "12", "object_repr": "anna.kuznetsova@example.com", "action_flag": 1, "change_message": "[{\"added\": {}}]"}}, {"model": "admin.logentry", "pk": 93, "fields": {"action_time": "2023-05-19T01:10:40.373Z", "user": 1, "content_type": 9, "object_id": "12", "object_repr": "anna.kuznetsova@example.com", "action_flag": 2, "change_message": "[{\"changed\": {\"fields\": [\"\\u041e\\u0442\\u0434\\u0435\\u043b\", \"\\u0414\\u043e\\u043b\\u0436\\u043d\\u043e\\u0441\\u0442\\u044c\", \"\\u0422\\u0435\\u043b\\u0435\\u0444\\u043e\\u043d\", \"\\u0425\\u043e\\u0431\\u0431\\u0438\"]}}]"}}, {"model": "admin.logentry", "pk": 94, "fields": {"action_time": "2023-05-19T01:11:04.116Z", "user": 1, "content_type": 9, "object_id": "13", "object_repr": "denis.lebedev@example.com", "action_flag": 1, "change_message": "[{\"added\": {}}]"}}, {"model": "admin.logentry", "pk": 95, "fields": {"action_time": "2023-05-19T01:11:23.303Z", "user": 1, "content_type": 9, "object_id": "13", "object_repr": "denis.lebedev@example.com", "action_flag": 2, "change_message": "[{\"changed\": {\"fields\": [\"\\u041e\\u0442\\u0434\\u0435\\u043b\", \"\\u0414\\u043e\\u043b\\u0436\\u043d\\u043e\\u0441\\u0442\\u044c\"]}}]"}}, {"model": "admin.logentry", "pk": 96, "fields": {"action_time": "2023-05-19T01:11:41.771Z", "user": 1, "content_type": 9, "object_id": "14", "object_repr": "olga.semenova@example.com", "action_flag": 1, "change_message": "[{\"added\": {}}]"}}, {"model": "admin.logentry", "pk": 97, "fields": {"action_time": "2023-05-19T01:11:57.237Z", "user": 1, "content_type": 9, "object_id": "14", "object_repr": "olga.semenova@example.com", "action_flag": 2, "change_message": "[{\"changed\": {\"fields\": [\"\\u041e\\u0442\\u0434\\u0435\\u043b\", \"\\u0414\\u043e\\u043b\\u0436\\u043d\\u043e\\u0441\\u0442\\u044c\", \"\\u0425\\u043e\\u0431\\u0431\\u0438\"]}}]"}}, {"model": "admin.logentry", "pk": 98, "fields": {"action_time": "2023-05-19T01:12:18.772Z", "user": 1, "content_type": 9, "object_id": "15", "object_repr": "yulia.novikova@example.com", "action_flag": 1, "change_message": "[{\"added\": {}}]"}}, {"model": "admin.logentry", "pk": 99, "fields": {"action_time": "2023-05-19T01:12:39.305Z", "user": 1, "content_type": 9, "object_id": "15", "object_repr": "yulia.novikova@example.com", "action_flag": 2, "change_message": "[{\"changed\": {\"fields\": [\"\\u041e\\u0442\\u0434\\u0435\\u043b\", \"\\u0414\\u043e\\u043b\\u0436\\u043d\\u043e\\u0441\\u0442\\u044c\", \"\\u0422\\u0435\\u043b\\u0435\\u0444\\u043e\\u043d\", \"\\u0425\\u043e\\u0431\\u0431\\u0438\"]}}]"}}, {"model": "admin.logentry", "pk": 100, "fields": {"action_time": "2023-05-19T01:13:06.158Z", "user": 1, "content_type": 9, "object_id": "16", "object_repr": "sergey.morozov@example.com", "action_flag": 1, "change_message": "[{\"added\": {}}]"}}, {"model": "admin.logentry", "pk": 101, "fields": {"action_time": "2023-05-19T01:13:37.324Z", "user": 1, "content_type": 9, "object_id": "16", "object_repr": "sergey.morozov@example.com", "action_flag": 2, "change_message": "[{\"changed\": {\"fields\": [\"\\u041e\\u0442\\u0434\\u0435\\u043b\", \"\\u0414\\u043e\\u043b\\u0436\\u043d\\u043e\\u0441\\u0442\\u044c\", \"\\u0420\\u043e\\u043b\\u044c\", \"\\u0422\\u0435\\u043b\\u0435\\u0444\\u043e\\u043d\", \"\\u0425\\u043e\\u0431\\u0431\\u0438\"]}}]"}}, {"model": "admin.logentry", "pk": 102, "fields": {"action_time": "2023-05-19T01:14:16.138Z", "user": 1, "content_type": 9, "object_id": "17", "object_repr": "alexandra.kovaleva@example.com", "action_flag": 1, "change_message": "[{\"added\": {}}]"}}, {"model": "admin.logentry", "pk": 103, "fields": {"action_time": "2023-05-19T01:14:28.461Z", "user": 1, "content_type": 9, "object_id": "17", "object_repr": "alexandra.kovaleva@example.com", "action_flag": 2, "change_message": "[{\"changed\": {\"fields\": [\"\\u041e\\u0442\\u0434\\u0435\\u043b\", \"\\u0414\\u043e\\u043b\\u0436\\u043d\\u043e\\u0441\\u0442\\u044c\", \"\\u0422\\u0435\\u043b\\u0435\\u0444\\u043e\\u043d\", \"\\u0425\\u043e\\u0431\\u0431\\u0438\"]}}]"}}, {"model": "admin.logentry", "pk": 104, "fields": {"action_time": "2023-05-19T01:14:59.521Z", "user": 1, "content_type": 9, "object_id": "18", "object_repr": "dmitry.smirnov@example.com", "action_flag": 1, "change_message": "[{\"added\": {}}]"}}, {"model": "admin.logentry", "pk": 105, "fields": {"action_time": "2023-05-19T01:15:15.463Z", "user": 1, "content_type": 9, "object_id": "18", "object_repr": "dmitry.smirnov@example.com", "action_flag": 2, "change_message": "[{\"changed\": {\"fields\": [\"\\u041e\\u0442\\u0434\\u0435\\u043b\", \"\\u0414\\u043e\\u043b\\u0436\\u043d\\u043e\\u0441\\u0442\\u044c\", \"\\u0422\\u0435\\u043b\\u0435\\u0444\\u043e\\u043d\", \"\\u0425\\u043e\\u0431\\u0431\\u0438\"]}}]"}}, {"model": "admin.logentry", "pk": 106, "fields": {"action_time": "2023-05-19T01:15:40.860Z", "user": 1, "content_type": 9, "object_id": "19", "object_repr": "ivan.petrov@example.com", "action_flag": 1, "change_message": "[{\"added\": {}}]"}}, {"model": "admin.logentry", "pk": 107, "fields": {"action_time": "2023-05-19T01:15:57.487Z", "user": 1, "content_type": 9, "object_id": "19", "object_repr": "ivan.petrov@example.com", "action_flag": 2, "change_message": "[{\"changed\": {\"fields\": [\"\\u041e\\u0442\\u0434\\u0435\\u043b\", \"\\u0414\\u043e\\u043b\\u0436\\u043d\\u043e\\u0441\\u0442\\u044c\", \"\\u0422\\u0435\\u043b\\u0435\\u0444\\u043e\\u043d\", \"\\u0425\\u043e\\u0431\\u0431\\u0438\"]}}]"}}, {"model": "admin.logentry", "pk": 108, "fields": {"action_time": "2023-05-19T01:16:24.421Z", "user": 1, "content_type": 9, "object_id": "20", "object_repr": "ekaterina.sidorova@example.com", "action_flag": 1, "change_message": "[{\"added\": {}}]"}}, {"model": "admin.logentry", "pk": 109, "fields": {"action_time": "2023-05-19T01:16:35.600Z", "user": 1, "content_type": 9, "object_id": "20", "object_repr": "ekaterina.sidorova@example.com", "action_flag": 2, "change_message": "[{\"changed\": {\"fields\": [\"\\u041e\\u0442\\u0434\\u0435\\u043b\", \"\\u0414\\u043e\\u043b\\u0436\\u043d\\u043e\\u0441\\u0442\\u044c\"]}}]"}}, {"model": "admin.logentry", "pk": 110, "fields": {"action_time": "2023-05-19T01:16:54.063Z", "user": 1, "content_type": 9, "object_id": "21", "object_repr": "alexey.petrov@example.com", "action_flag": 1, "change_message": "[{\"added\": {}}]"}}, {"model": "admin.logentry", "pk": 111, "fields": {"action_time": "2023-05-19T01:17:30.488Z", "user": 1, "content_type": 9, "object_id": "21", "object_repr": "alexey.petrov@example.com", "action_flag": 2, "change_message": "[{\"changed\": {\"fields\": [\"\\u041e\\u0442\\u0434\\u0435\\u043b\", \"\\u0414\\u043e\\u043b\\u0436\\u043d\\u043e\\u0441\\u0442\\u044c\", \"\\u0422\\u0435\\u043b\\u0435\\u0444\\u043e\\u043d\", \"\\u0425\\u043e\\u0431\\u0431\\u0438\"]}}]"}}, {"model": "admin.logentry", "pk": 112, "fields": {"action_time": "2023-05-19T01:17:56.732Z", "user": 1, "content_type": 9, "object_id": "22", "object_repr": "olga.novikova@example.com", "action_flag": 1, "change_message": "[{\"added\": {}}]"}}, {"model": "admin.logentry", "pk": 113, "fields": {"action_time": "2023-05-19T01:18:13.653Z", "user": 1, "content_type": 9, "object_id": "22", "object_repr": "olga.novikova@example.com", "action_flag": 2, "change_message": "[{\"changed\": {\"fields\": [\"\\u041e\\u0442\\u0434\\u0435\\u043b\", \"\\u0414\\u043e\\u043b\\u0436\\u043d\\u043e\\u0441\\u0442\\u044c\", \"\\u0422\\u0435\\u043b\\u0435\\u0444\\u043e\\u043d\", \"\\u0425\\u043e\\u0431\\u0431\\u0438\"]}}]"}}, {"model": "admin.logentry", "pk": 114, "fields": {"action_time": "2023-05-19T01:18:38.429Z", "user": 1, "content_type": 9, "object_id": "23", "object_repr": "elena.pavlova@example.com", "action_flag": 1, "change_message": "[{\"added\": {}}]"}}, {"model": "admin.logentry", "pk": 115, "fields": {"action_time": "2023-05-19T01:19:10.716Z", "user": 1, "content_type": 9, "object_id": "23", "object_repr": "elena.pavlova@example.com", "action_flag": 2, "change_message": "[{\"changed\": {\"fields\": [\"\\u041e\\u0442\\u0434\\u0435\\u043b\", \"\\u0414\\u043e\\u043b\\u0436\\u043d\\u043e\\u0441\\u0442\\u044c\", \"\\u0425\\u043e\\u0431\\u0431\\u0438\"]}}]"}}, {"model": "admin.logentry", "pk": 116, "fields": {"action_time": "2023-05-19T01:19:37.058Z", "user": 1, "content_type": 9, "object_id": "24", "object_repr": "ivan.nikolaev@example.com", "action_flag": 1, "change_message": "[{\"added\": {}}]"}}, {"model": "admin.logentry", "pk": 117, "fields": {"action_time": "2023-05-19T01:20:02.677Z", "user": 1, "content_type": 9, "object_id": "24", "object_repr": "ivan.nikolaev@example.com", "action_flag": 2, "change_message": "[{\"changed\": {\"fields\": [\"\\u041e\\u0442\\u0434\\u0435\\u043b\", \"\\u0414\\u043e\\u043b\\u0436\\u043d\\u043e\\u0441\\u0442\\u044c\", \"\\u0420\\u043e\\u043b\\u044c\", \"\\u0422\\u0435\\u043b\\u0435\\u0444\\u043e\\u043d\", \"\\u0425\\u043e\\u0431\\u0431\\u0438\"]}}]"}}, {"model": "auth.permission", "pk": 1, "fields": {"name": "Can add log entry", "content_type": 1, "codename": "add_logentry"}}, {"model": "auth.permission", "pk": 2, "fields": {"name": "Can change log entry", "content_type": 1, "codename": "change_logentry"}}, {"model": "auth.permission", "pk": 3, "fields": {"name": "Can delete log entry", "content_type": 1, "codename": "delete_logentry"}}, {"model": "auth.permission", "pk": 4, "fields": {"name": "Can view log entry", "content_type": 1, "codename": "view_logentry"}}, {"model": "auth.permission", "pk": 5, "fields": {"name": "Can add permission", "content_type": 2, "codename": "add_permission"}}, {"model": "auth.permission", "pk": 6, "fields": {"name": "Can change permission", "content_type": 2, "codename": "change_permission"}}, {"model": "auth.permission", "pk": 7, "fields": {"name": "Can delete permission", "content_type": 2, "codename": "delete_permission"}}, {"model": "auth.permission", "pk": 8, "fields": {"name": "Can view permission", "content_type": 2, "codename": "view_permission"}}, {"model": "auth.permission", "pk": 9, "fields": {"name": "Can add group", "content_type": 3, "codename": "add_group"}}, {"model": "auth.permission", "pk": 10, "fields": {"name": "Can change group", "content_type": 3, "codename": "change_group"}}, {"model": "auth.permission", "pk": 11, "fields": {"name": "Can delete group", "content_type": 3, "codename": "delete_group"}}, {"model": "auth.permission", "pk": 12, "fields": {"name": "Can view group", "content_type": 3, "codename": "view_group"}}, {"model": "auth.permission", "pk": 13, "fields": {"name": "Can add content type", "content_type": 4, "codename": "add_contenttype"}}, {"model": "auth.permission", "pk": 14, "fields": {"name": "Can change content type", "content_type": 4, "codename": "change_contenttype"}}, {"model": "auth.permission", "pk": 15, "fields": {"name": "Can delete content type", "content_type": 4, "codename": "delete_contenttype"}}, {"model": "auth.permission", "pk": 16, "fields": {"name": "Can view content type", "content_type": 4, "codename": "view_contenttype"}}, {"model": "auth.permission", "pk": 17, "fields": {"name": "Can add session", "content_type": 5, "codename": "add_session"}}, {"model": "auth.permission", "pk": 18, "fields": {"name": "Can change session", "content_type": 5, "codename": "change_session"}}, {"model": "auth.permission", "pk": 19, "fields": {"name": "Can delete session", "content_type": 5, "codename": "delete_session"}}, {"model": "auth.permission", "pk": 20, "fields": {"name": "Can view session", "content_type": 5, "codename": "view_session"}}, {"model": "auth.permission", "pk": 21, "fields": {"name": "Can add Отдел", "content_type": 6, "codename": "add_department"}}, {"model": "auth.permission", "pk": 22, "fields": {"name": "Can change Отдел", "content_type": 6, "codename": "change_department"}}, {"model": "auth.permission", "pk": 23, "fields": {"name": "Can delete Отдел", "content_type": 6, "codename": "delete_department"}}, {"model": "auth.permission", "pk": 24, "fields": {"name": "Can view Отдел", "content_type": 6, "codename": "view_department"}}, {"model": "auth.permission", "pk": 25, "fields": {"name": "Can add Должность", "content_type": 7, "codename": "add_position"}}, {"model": "auth.permission", "pk": 26, "fields": {"name": "Can change Должность", "content_type": 7, "codename": "change_position"}}, {"model": "auth.permission", "pk": 27, "fields": {"name": "Can delete Должность", "content_type": 7, "codename": "delete_position"}}, {"model": "auth.permission", "pk": 28, "fields": {"name": "Can view Должность", "content_type": 7, "codename": "view_position"}}, {"model": "auth.permission", "pk": 29, "fields": {"name": "Can add Интерес", "content_type": 8, "codename": "add_hobby"}}, {"model": "auth.permission", "pk": 30, "fields": {"name": "Can change Интерес", "content_type": 8, "codename": "change_hobby"}}, {"model": "auth.permission", "pk": 31, "fields": {"name": "Can delete Интерес", "content_type": 8, "codename": "delete_hobby"}}, {"model": "auth.permission", "pk": 32, "fields": {"name": "Can view Интерес", "content_type": 8, "codename": "view_hobby"}}, {"model": "auth.permission", "pk": 33, "fields": {"name": "Can add Пользователь", "content_type": 9, "codename": "add_user"}}, {"model": "auth.permission", "pk": 34, "fields": {"name": "Can change Пользователь", "content_type": 9, "codename": "change_user"}}, {"model": "auth.permission", "pk": 35, "fields": {"name": "Can delete Пользователь", "content_type": 9, "codename": "delete_user"}}, {"model": "auth.permission", "pk": 36, "fields": {"name": "Can view Пользователь", "content_type": 9, "codename": "view_user"}}, {"model": "auth.permission", "pk": 37, "fields": {"name": "Can add Приглашение", "content_type": 10, "codename": "add_invitecode"}}, {"model": "auth.permission", "pk": 38, "fields": {"name": "Can change Приглашение", "content_type": 10, "codename": "change_invitecode"}}, {"model": "auth.permission", "pk": 39, "fields": {"name": "Can delete Приглашение", "content_type": 10, "codename": "delete_invitecode"}}, {"model": "auth.permission", "pk": 40, "fields": {"name": "Can view Приглашение", "content_type": 10, "codename": "view_invitecode"}}, {"model": "contenttypes.contenttype", "pk": 1, "fields": {"app_label": "admin", "model": "logentry"}}, {"model": "contenttypes.contenttype", "pk": 2, "fields": {"app_label": "auth", "model": "permission"}}, {"model": "contenttypes.contenttype", "pk": 3, "fields": {"app_label": "auth", "model": "group"}}, {"model": "contenttypes.contenttype", "pk": 4, "fields": {"app_label": "contenttypes", "model": "contenttype"}}, {"model": "contenttypes.contenttype", "pk": 5, "fields": {"app_label": "sessions", "model": "session"}}, {"model": "contenttypes.contenttype", "pk": 6, "fields": {"app_label": "users", "model": "department"}}, {"model": "contenttypes.contenttype", "pk": 7, "fields": {"app_label": "users", "model": "position"}}, {"model": "contenttypes.contenttype", "pk": 8, "fields": {"app_label": "users", "model": "hobby"}}, {"model": "contenttypes.contenttype", "pk": 9, "fields": {"app_label": "users", "model": "user"}}, {"model": "contenttypes.contenttype", "pk": 10, "fields": {"app_label": "users", "model": "invitecode"}}, {"model": "sessions.session", "pk": "101l59rgebby8mab2now1ddqhlnwk5n9", "fields": {"session_data": ".eJxVjL0OwyAQg9-FuUL8JBA6ds8zoOMOStoKpJBMVd-9RMrQDpYsf7bfzMO-Zb-3uPqF2JVJdvnNAuAzlgPQA8q9cqxlW5fAjwo_aeNzpfi6nd2_gwwt97VB4YRQVo8BuiNDAdOEWksiOTjSOlrTpTAoYSJBMnICCeRgTIOy7PMF2aw37w:1pzmyg:fbSGuqyJ6_fleLqy4-JFGbLA1FjL1EeZcEceF7sEgBo", "expire_date": "2023-06-01T23:24:10.058Z"}}, {"model": "users.department", "pk": 1, "fields": {"name": "Отдел маркетинга", "description": "Разработка и реализация маркетинговых стратегий и акций"}}, {"model": "users.department", "pk": 2, "fields": {"name": "Отдел разработки", "description": "Создание и поддержка программного обеспечения и веб-приложений"}}, {"model": "users.department", "pk": 3, "fields": {"name": "Отдел финансов", "description": "Управление финансовыми аспектами компании"}}, {"model": "users.department", "pk": 4, "fields": {"name": "Отдел кадров", "description": "Подбор и управление персоналом"}}, {"model": "users.department", "pk": 5, "fields": {"name": "Отдел продаж", "description": "Продвижение и реализация продукции или услуг компании"}}, {"model": "users.department", "pk": 6, "fields": {"name": "Отдел IT-поддержки", "description": "Поддержка пользователей и обслуживание информационных систем"}}, {"model": "users.department", "pk": 7, "fields": {"name": "Отдел закупок и снабжения", "description": "Закупка и поставка товаров и услуг для компании"}}, {"model": "users.position", "pk": 1, "fields": {"name": "Менеджер", "chief_position": false, "departments": [1, 5, 7]}}, {"model": "users.position", "pk": 2, "fields": {"name": "Помощник менеджера", "chief_position": false, "departments": [1, 5, 7]}}, {"model": "users.position", "pk": 3, "fields": {"name": "Директор", "chief_position": true, "departments": [1, 7]}}, {"model": "users.position", "pk": 4, "fields": {"name": "Руководитель разработки", "chief_position": true, "departments": [2]}}, {"model": "users.position", "pk": 5, "fields": {"name": "Веб-разработчик", "chief_position": false, "departments": [2]}}, {"model": "users.position", "pk": 6, "fields": {"name": "Мобильный разработчик", "chief_position": false, "departments": [2]}}, {"model": "users.position", "pk": 7, "fields": {"name": "Тестировщик программного обеспечения", "chief_position": false, "departments": [2]}}, {"model": "users.position", "pk": 8, "fields": {"name": "Дизайнер пользовательского интерфейса", "chief_position": false, "departments": [2]}}, {"model": "users.position", "pk": 9, "fields": {"name": "Маркетинговый менеджер", "chief_position": false, "departments": [1]}}, {"model": "users.position", "pk": 10, "fields": {"name": "Специалист по цифровому маркетингу", "chief_position": false, "departments": [1]}}, {"model": "users.position", "pk": 11, "fields": {"name": "Копирайтер", "chief_position": false, "departments": [1]}}, {"model": "users.position", "pk": 12, "fields": {"name": "Медиа-планировщик", "chief_position": false, "departments": [1]}}, {"model": "users.position", "pk": 13, "fields": {"name": "Аналитик маркетинга", "chief_position": false, "departments": [1]}}, {"model": "users.position", "pk": 14, "fields": {"name": "Финансовый директор", "chief_position": true, "departments": [3]}}, {"model": "users.position", "pk": 15, "fields": {"name": "Бухгалтер", "chief_position": false, "departments": [3]}}, {"model": "users.position", "pk": 16, "fields": {"name": "Финансовый аналитик", "chief_position": false, "departments": [3]}}, {"model": "users.position", "pk": 17, "fields": {"name": "Кредитный аналитик", "chief_position": false, "departments": [3]}}, {"model": "users.position", "pk": 18, "fields": {"name": "Руководитель отдела кадров", "chief_position": true, "departments": [4]}}, {"model": "users.position", "pk": 19, "fields": {"name": "Специалист по подбору персонала", "chief_position": false, "departments": [4]}}, {"model": "users.position", "pk": 20, "fields": {"name": "HR-менеджер", "chief_position": false, "departments": [4]}}, {"model": "users.position", "pk": 21, "fields": {"name": "Тренер по развитию персонала", "chief_position": false, "departments": [4]}}, {"model": "users.position", "pk": 22, "fields": {"name": "Ключевой клиент-менеджер", "chief_position": false, "departments": [5]}}, {"model": "users.position", "pk": 23, "fields": {"name": "Торговый представитель", "chief_position": false, "departments": [5]}}, {"model": "users.position", "pk": 24, "fields": {"name": "Специалист по работе с клиентами", "chief_position": false, "departments": [3, 5, 7]}}, {"model": "users.position", "pk": 25, "fields": {"name": "Руководитель IT-поддержки", "chief_position": true, "departments": [6]}}, {"model": "users.position", "pk": 26, "fields": {"name": "Системный администратор", "chief_position": false, "departments": [6]}}, {"model": "users.position", "pk": 27, "fields": {"name": "Сетевой инженер", "chief_position": false, "departments": [6]}}, {"model": "users.position", "pk": 28, "fields": {"name": "Специалист по информационной безопасности", "chief_position": false, "departments": [6]}}, {"model": "users.position", "pk": 29, "fields": {"name": "Специалист по снабжению", "chief_position": false, "departments": [7]}}, {"model": "users.position", "pk": 30, "fields": {"name": "Логист", "chief_position": false, "departments": [7]}}, {"model": "users.position", "pk": 31, "fields": {"name": "Аналитик закупок", "chief_position": false, "departments": [7]}}, {"model": "users.hobby", "pk": 1, "fields": {"name": "Фотография"}}, {"model": "users.hobby", "pk": 2, "fields": {"name": "Путешествия"}}, {"model": "users.hobby", "pk": 3, "fields": {"name": "Танцы"}}, {"model": "users.hobby", "pk": 4, "fields": {"name": "Йога и медитация"}}, {"model": "users.hobby", "pk": 5, "fields": {"name": "Изучение иностранных языков"}}, {"model": "users.hobby", "pk": 6, "fields": {"name": "Астрономия и космос"}}, {"model": "users.hobby", "pk": 7, "fields": {"name": "Фильмы и сериалы"}}, {"model": "users.hobby", "pk": 8, "fields": {"name": "Музыка"}}, {"model": "users.hobby", "pk": 9, "fields": {"name": "Садоводство"}}, {"model": "users.hobby", "pk": 10, "fields": {"name": "Рисование"}}, {"model": "users.hobby", "pk": 11, "fields": {"name": "Вязание"}}, {"model": "users.hobby", "pk": 12, "fields": {"name": "Фитнес"}}, {"model": "users.hobby", "pk": 13, "fields": {"name": "Лыжи"}}, {"model": "users.hobby", "pk": 14, "fields": {"name": "Брейк-данс"}}, {"model": "users.hobby", "pk": 15, "fields": {"name": "Блоггинг"}}, {"model": "users.hobby", "pk": 16, "fields": {"name": "Моделизм"}}, {"model": "users.hobby", "pk": 17, "fields": {"name": "Волонтёрство"}}, {"model": "users.hobby", "pk": 18, "fields": {"name": "Сноубординг"}}, {"model": "users.hobby", "pk": 19, "fields": {"name": "Покер"}}, {"model": "users.hobby", "pk": 20, "fields": {"name": "Рыбалка"}}, {"model": "users.hobby", "pk": 21, "fields": {"name": "Пение"}}, {"model": "users.hobby", "pk": 22, "fields": {"name": "Шахматы"}}, {"model": "users.hobby", "pk": 23, "fields": {"name": "Карвинг"}}, {"model": "users.hobby", "pk": 24, "fields": {"name": "Астрология"}}, {"model": "users.hobby", "pk": 25, "fields": {"name": "Волейбол"}}, {"model": "users.user", "pk": 1, "fields": {"password": "pbkdf2_sha256$600000$GzZjsdyyWiokndMnnXIhwt$lVtu0hvAh+cN44J6dwod1b5QpSmEYpV8ItMaNeajUpw=", "last_login": "2023-05-18T23:24:10.055Z", "is_superuser": true, "email": "admin@admin.admin", "first_name": "Админ", "last_name": "Админыч", "patronymic": null, "department": null, "position": null, "role": "employee", "avatar": "", "about": null, "phone": null, "is_staff": true, "is_active": true, "date_joined": "2023-05-18T23:23:58.163Z", "groups": [], "user_permissions": [], "hobbies": []}}, {"model": "users.user", "pk": 2, "fields": {"password": "pbkdf2_sha256$600000$V1Big0OZbwzR0S1gY6VnIf$EoMLDJyqvMy/UzeQsXRxANMbOt05eTi/aJo3XOjplp4=", "last_login": null, "is_superuser": false, "email": "hr@example.com", "first_name": "Елена", "last_name": "Дмитриева", "patronymic": null, "department": 4, "position": 20, "role": "hr", "avatar": "", "about": null, "phone": "+79039994856", "is_staff": false, "is_active": true, "date_joined": "2023-05-18T23:26:25Z", "groups": [], "user_permissions": [], "hobbies": [2, 4, 7, 12, 13, 16]}}, {"model": "users.user", "pk": 3, "fields": {"password": "pbkdf2_sha256$600000$1QIpQusbdxXJjWMEBz1Qwg$4Md84JYL/6/eCsL+gp0GqvxYujqpE/9be3qCydkMpy4=", "last_login": null, "is_superuser": false, "email": "chief@example.com", "first_name": "Сергей", "last_name": "Сергеев", "patronymic": null, "department": 2, "position": 4, "role": "chief", "avatar": "", "about": null, "phone": "+79175584400", "is_staff": false, "is_active": true, "date_joined": "2023-05-18T23:27:18Z", "groups": [], "user_permissions": [], "hobbies": [1, 6, 7, 9, 10, 20, 21, 23]}}, {"model": "users.user", "pk": 4, "fields": {"password": "pbkdf2_sha256$600000$z9kO9W8wKVR1u5ybPIp2YA$2WuKhVVHYKwAUHHh8Ygc+ecefVU02EmGDx8uA5/w3MA=", "last_login": null, "is_superuser": false, "email": "employee1@example.com", "first_name": "Иван", "last_name": "Иванов", "patronymic": null, "department": 1, "position": 1, "role": "employee", "avatar": "", "about": null, "phone": "+79384449473", "is_staff": false, "is_active": true, "date_joined": "2023-05-18T23:28:02Z", "groups": [], "user_permissions": [], "hobbies": [2, 18, 19, 20, 22, 23]}}, {"model": "users.user", "pk": 5, "fields": {"password": "pbkdf2_sha256$600000$3IrfeSIrKs1hoI94QKA1Bc$vIjEqp6rHSmdJjrD/52ftxo8YwgfQ+yWJ2iqVdwU2ag=", "last_login": null, "is_superuser": false, "email": "marina.sokolova@example.com", "first_name": "Марина", "last_name": "Соколова", "patronymic": null, "department": 3, "position": 15, "role": "employee", "avatar": "", "about": null, "phone": "+79164484446", "is_staff": false, "is_active": true, "date_joined": "2023-05-19T01:04:57Z", "groups": [], "user_permissions": [], "hobbies": [4, 15, 19, 22, 24]}}, {"model": "users.user", "pk": 6, "fields": {"password": "pbkdf2_sha256$600000$7LCGILJ86sw3Or2dRkUST9$uwrihmqaURY29XUm8mTBjh6JAvmuENP3LPvDY9I1jbU=", "last_login": null, "is_superuser": false, "email": "alexander.pavlov@example.com", "first_name": "Александр", "last_name": "Павлов", "patronymic": null, "department": 3, "position": 14, "role": "chief", "avatar": "", "about": null, "phone": "+79164484447", "is_staff": false, "is_active": true, "date_joined": "2023-05-19T01:05:41Z", "groups": [], "user_permissions": [], "hobbies": []}}, {"model": "users.user", "pk": 7, "fields": {"password": "pbkdf2_sha256$600000$SZp0ejrcY438r0jkZmjl9h$/AZQgUijez7MAEJek7MrlZIICbB84ywrDv3is9Whm0E=", "last_login": null, "is_superuser": false, "email": "elena.volkova@example.com", "first_name": "Елена", "last_name": "Волкова", "patronymic": null, "department": 1, "position": 11, "role": "employee", "avatar": "", "about": null, "phone": null, "is_staff": false, "is_active": true, "date_joined": "2023-05-19T01:06:21Z", "groups": [], "user_permissions": [], "hobbies": [2, 3, 7, 19, 22, 25]}}, {"model": "users.user", "pk": 8, "fields": {"password": "pbkdf2_sha256$600000$VYqWtL5oFkty9E4usa5IY9$/3sKgBvKZwNHROTmwE8twsdi1MTzQ7z5o1vblzUW+hA=", "last_login": null, "is_superuser": false, "email": "dmitry.kozlov@example.com", "first_name": "Дмитрий", "last_name": "Козлов", "patronymic": null, "department": 7, "position": 30, "role": "employee", "avatar": "", "about": null, "phone": "+79164484449", "is_staff": false, "is_active": true, "date_joined": "2023-05-19T01:07:25Z", "groups": [], "user_permissions": [], "hobbies": [2, 6, 13, 16, 20, 21]}}, {"model": "users.user", "pk": 9, "fields": {"password": "pbkdf2_sha256$600000$XbgQPywQUPMStxPuw2ynbN$LyZsqYabCH+Bp4mpswD5jC2fmiFSesgOAxStGL7VGPY=", "last_login": null, "is_superuser": false, "email": "anna.morozova@example.com", "first_name": "Анна", "last_name": "Морозова", "patronymic": null, "department": 2, "position": 5, "role": "employee", "avatar": "", "about": null, "phone": "+79164484450", "is_staff": false, "is_active": true, "date_joined": "2023-05-19T01:08:13Z", "groups": [], "user_permissions": [], "hobbies": [2, 9, 10, 14, 15, 21, 24]}}, {"model": "users.user", "pk": 10, "fields": {"password": "pbkdf2_sha256$600000$7sLf9lByAs0fKSM6rCgPC8$ytCp8KlZ4pSlj/9oJnxq7GSXf5Wxh0tyrpG5yZP9EQE=", "last_login": null, "is_superuser": false, "email": "alexey.ivanov@example.com", "first_name": "Катерина", "last_name": "Петрова", "patronymic": null, "department": 4, "position": 19, "role": "hr", "avatar": "", "about": null, "phone": "+79164484452", "is_staff": false, "is_active": true, "date_joined": "2023-05-19T01:08:55Z", "groups": [], "user_permissions": [], "hobbies": [23, 14, 7]}}, {"model": "users.user", "pk": 11, "fields": {"password": "pbkdf2_sha256$600000$EQnrqO0JVmc8rDruu4xpQs$Xg1wBsT63FA10lRayNzcp7eBYM7wj7MUD7r+d3M6l1k=", "last_login": null, "is_superuser": false, "email": "mikhail.smirnov@example.com", "first_name": "Михаил", "last_name": "Смирнов", "patronymic": null, "department": 5, "position": 1, "role": "employee", "avatar": "", "about": null, "phone": "+79164484453", "is_staff": false, "is_active": true, "date_joined": "2023-05-19T01:09:39Z", "groups": [], "user_permissions": [], "hobbies": [16, 5, 15]}}, {"model": "users.user", "pk": 12, "fields": {"password": "pbkdf2_sha256$600000$2xVVPQIEEoCwg1e16pz6qm$yJwSxXDp15x1tpJvF/gtEwdCQ/s2rb33Mp9QutMxGTk=", "last_login": null, "is_superuser": false, "email": "anna.kuznetsova@example.com", "first_name": "Анна", "last_name": "Кузнецова", "patronymic": null, "department": 3, "position": 15, "role": "employee", "avatar": "", "about": null, "phone": "+79164484454", "is_staff": false, "is_active": true, "date_joined": "2023-05-19T01:10:26Z", "groups": [], "user_permissions": [], "hobbies": [24, 3, 7]}}, {"model": "users.user", "pk": 13, "fields": {"password": "pbkdf2_sha256$600000$2GCeVYVOoHYk1NtmS7Lmxt$XA/6uEOI34P2Ilh/I2XjBeFbIREUP6/uWyO1oWFYp2Y=", "last_login": null, "is_superuser": false, "email": "denis.lebedev@example.com", "first_name": "Денис", "last_name": "Лебедев", "patronymic": null, "department": 5, "position": 24, "role": "employee", "avatar": "", "about": null, "phone": null, "is_staff": false, "is_active": true, "date_joined": "2023-05-19T01:11:03Z", "groups": [], "user_permissions": [], "hobbies": []}}, {"model": "users.user", "pk": 14, "fields": {"password": "pbkdf2_sha256$600000$zWtOrAlyAn8czDvxm13Biw$4PzP7AD2yunN8K3oterzQ2j7mGezLRvnJjSREFzTyow=", "last_login": null, "is_superuser": false, "email": "olga.semenova@example.com", "first_name": "Ольга", "last_name": "Семенова", "patronymic": null, "department": 6, "position": 27, "role": "employee", "avatar": "", "about": null, "phone": null, "is_staff": false, "is_active": true, "date_joined": "2023-05-19T01:11:41Z", "groups": [], "user_permissions": [], "hobbies": [8, 10, 14, 15, 18]}}, {"model": "users.user", "pk": 15, "fields": {"password": "pbkdf2_sha256$600000$smVcdCG65RzWRazkAAcxaF$yLXNBCA4cB3c2/LaAxil8+C6ZOZqna8aMAJGH5QTY7w=", "last_login": null, "is_superuser": false, "email": "yulia.novikova@example.com", "first_name": "Юлия", "last_name": "Новикова", "patronymic": null, "department": 1, "position": 10, "role": "employee", "avatar": "", "about": null, "phone": "+79164484458", "is_staff": false, "is_active": true, "date_joined": "2023-05-19T01:12:18Z", "groups": [], "user_permissions": [], "hobbies": [2, 8, 10, 20, 22]}}, {"model": "users.user", "pk": 16, "fields": {"password": "pbkdf2_sha256$600000$i4nkYjOCHgaNxfEFeugoKA$s+Uqy9yf9UpXuC4PNK1EuTEQJmGgBftNQzXioQ7e4r4=", "last_login": null, "is_superuser": false, "email": "sergey.morozov@example.com", "first_name": "Сергей", "last_name": "Морозов", "patronymic": null, "department": 6, "position": 25, "role": "chief", "avatar": "", "about": null, "phone": "+79164484459", "is_staff": false, "is_active": true, "date_joined": "2023-05-19T01:13:05Z", "groups": [], "user_permissions": [], "hobbies": [1, 4, 12, 14, 16, 21, 23, 24]}}, {"model": "users.user", "pk": 17, "fields": {"password": "pbkdf2_sha256$600000$4un0ZvhlpmLkDB8SW0R8d6$ZGbCu+xuJJqvNPpymII6tshzoXgOltpe6jR7V5rymcI=", "last_login": null, "is_superuser": false, "email": "alexandra.kovaleva@example.com", "first_name": "Александра", "last_name": "Ковалева", "patronymic": null, "department": 3, "position": 15, "role": "employee", "avatar": "", "about": null, "phone": "+79164484461", "is_staff": false, "is_active": true, "date_joined": "2023-05-19T01:14:15Z", "groups": [], "user_permissions": [], "hobbies": [25, 18, 22, 7]}}, {"model": "users.user", "pk": 18, "fields": {"password": "pbkdf2_sha256$600000$VrRXNYL8vvoVBLnBOq9WQL$FtSiMOSfPq7uiHeT9ZJuY4gV+TAjJtjrGawvgXMqNLI=", "last_login": null, "is_superuser": false, "email": "dmitry.smirnov@example.com", "first_name": "Дмитрий", "last_name": "Смирнов", "patronymic": null, "department": 5, "position": 2, "role": "employee", "avatar": "", "about": null, "phone": "+79164484462", "is_staff": false, "is_active": true, "date_joined": "2023-05-19T01:14:59Z", "groups": [], "user_permissions": [], "hobbies": [16, 18, 13]}}, {"model": "users.user", "pk": 19, "fields": {"password": "pbkdf2_sha256$600000$jrpK7V3a28sXzrobhGjVUP$D1z70NrGNaGL/JxfS7OqvzQttvdkqzwqh2SQXOuZmlo=", "last_login": null, "is_superuser": false, "email": "ivan.petrov@example.com", "first_name": "Иван", "last_name": "Петров", "patronymic": null, "department": 2, "position": 8, "role": "employee", "avatar": "", "about": null, "phone": "+79164484464", "is_staff": false, "is_active": true, "date_joined": "2023-05-19T01:15:40Z", "groups": [], "user_permissions": [], "hobbies": [17, 13]}}, {"model": "users.user", "pk": 20, "fields": {"password": "pbkdf2_sha256$600000$JXkFnP60G6DGmig0ugOpAM$Q5Zc+VZnAJ3oOw+1YZ9+1qZ9HtbPSrKi98+zNHWHMXc=", "last_login": null, "is_superuser": false, "email": "ekaterina.sidorova@example.com", "first_name": "Екатерина", "last_name": "Сидорова", "patronymic": null, "department": 7, "position": 30, "role": "employee", "avatar": "", "about": null, "phone": null, "is_staff": false, "is_active": true, "date_joined": "2023-05-19T01:16:24Z", "groups": [], "user_permissions": [], "hobbies": []}}, {"model": "users.user", "pk": 21, "fields": {"password": "pbkdf2_sha256$600000$b3PAL79K858m90ryMm0PyG$rZ94AwKwWh/LBxsPmZLWOotK7e/HzjzXMY6Rt1l9DSc=", "last_login": null, "is_superuser": false, "email": "alexey.petrov@example.com", "first_name": "Алексей", "last_name": "Петров", "patronymic": null, "department": 2, "position": 7, "role": "employee", "avatar": "", "about": null, "phone": "+79164484469", "is_staff": false, "is_active": true, "date_joined": "2023-05-19T01:16:53Z", "groups": [], "user_permissions": [], "hobbies": [12, 15, 18, 19, 24, 25]}}, {"model": "users.user", "pk": 22, "fields": {"password": "pbkdf2_sha256$600000$Km1ce30x1B0xBU5SsyVxyP$F0DclhG0Wv/XB0PRLZw57/DqstifLPZeNYhnFL97v0k=", "last_login": null, "is_superuser": false, "email": "olga.novikova@example.com", "first_name": "Ольга", "last_name": "Новикова", "patronymic": null, "department": 3, "position": 15, "role": "employee", "avatar": "", "about": null, "phone": "+79164484470", "is_staff": false, "is_active": true, "date_joined": "2023-05-19T01:17:56Z", "groups": [], "user_permissions": [], "hobbies": [17, 21, 13, 6]}}, {"model": "users.user", "pk": 23, "fields": {"password": "pbkdf2_sha256$600000$Rg9YfWossG8a9nRuBzpXqT$s4249S3fAlbaY7l4z/Otr37ymxLJ4T0qm2Sx25i461g=", "last_login": null, "is_superuser": false, "email": "elena.pavlova@example.com", "first_name": "Елена", "last_name": "Павлова", "patronymic": null, "department": 1, "position": 1, "role": "employee", "avatar": "", "about": null, "phone": null, "is_staff": false, "is_active": true, "date_joined": "2023-05-19T01:18:38Z", "groups": [], "user_permissions": [], "hobbies": [11, 3, 12, 7]}}, {"model": "users.user", "pk": 24, "fields": {"password": "pbkdf2_sha256$600000$4IsT3FwEDk6ftNeuksXEhY$ThuoTNC2Igw2UrB/5w3U1S5KndXe6MFHltBKbVrW0UY=", "last_login": null, "is_superuser": false, "email": "ivan.nikolaev@example.com", "first_name": "Иван", "last_name": "Николаев", "patronymic": null, "department": 1, "position": 3, "role": "chief", "avatar": "", "about": null, "phone": "+79164484474", "is_staff": false, "is_active": true, "date_joined": "2023-05-19T01:19:36Z", "groups": [], "user_permissions": [], "hobbies": [16, 18, 4, 23]}}]