[
    {
        "model": "users.department",
        "pk": 1,
        "fields": {
            "name": "Отдел маркетинга",
            "description": "Разработка и реализация маркетинговых стратегий и акций"
        }
    },
    {
        "model": "users.department",
        "pk": 2,
        "fields": {
            "name": "Отдел разработки",
            "description": "Создание и поддержка программного обеспечения и веб-приложений"
        }
    },
    {
        "model": "users.department",
        "pk": 3,
        "fields": {
            "name": "Отдел финансов",
            "description": "Управление финансовыми аспектами компании"
        }
    },
    {
        "model": "users.department",
        "pk": 4,
        "fields": {
            "name": "Отдел кадров",
            "description": "Подбор и управление персоналом"
        }
    },
    {
        "model": "users.department",
        "pk": 5,
        "fields": {
            "name": "Отдел продаж",
            "description": "Продвижение и реализация продукции или услуг компании"
        }
    },
    {
        "model": "users.department",
        "pk": 6,
        "fields": {
            "name": "Отдел IT-поддержки",
            "description": "Поддержка пользователей и обслуживание информационных систем"
        }
    },
    {
        "model": "users.department",
        "pk": 7,
        "fields": {
            "name": "Отдел закупок и снабжения",
            "description": "Закупка и поставка товаров и услуг для компании"
        }
    },
    {
        "model": "users.position",
        "pk": 1,
        "fields": {
            "name": "Менеджер",
            "chief_position": false,
            "departments": [
                1,
                5,
                7
            ]
        }
    },
    {
        "model": "users.position",
        "pk": 2,
        "fields": {
            "name": "Помощник менеджера",
            "chief_position": false,
            "departments": [
                1,
                5,
                7
            ]
        }
    },
    {
        "model": "users.position",
        "pk": 3,
        "fields": {
            "name": "Директор",
            "chief_position": true,
            "departments": [
                1,
                7
            ]
        }
    },
    {
        "model": "users.position",
        "pk": 4,
        "fields": {
            "name": "Руководитель разработки",
            "chief_position": true,
            "departments": [
                2
            ]
        }
    },
    {
        "model": "users.position",
        "pk": 5,
        "fields": {
            "name": "Веб-разработчик",
            "chief_position": false,
            "departments": [
                2
            ]
        }
    },
    {
        "model": "users.position",
        "pk": 6,
        "fields": {
            "name": "Мобильный разработчик",
            "chief_position": false,
            "departments": [
                2
            ]
        }
    },
    {
        "model": "users.position",
        "pk": 7,
        "fields": {
            "name": "Тестировщик программного обеспечения",
            "chief_position": false,
            "departments": [
                2
            ]
        }
    },
    {
        "model": "users.position",
        "pk": 8,
        "fields": {
            "name": "Дизайнер пользовательского интерфейса",
            "chief_position": false,
            "departments": [
                2
            ]
        }
    },
    {
        "model": "users.position",
        "pk": 9,
        "fields": {
            "name": "Маркетинговый менеджер",
            "chief_position": false,
            "departments": [
                1
            ]
        }
    },
    {
        "model": "users.position",
        "pk": 10,
        "fields": {
            "name": "Специалист по цифровому маркетингу",
            "chief_position": false,
            "departments": [
                1
            ]
        }
    },
    {
        "model": "users.position",
        "pk": 11,
        "fields": {
            "name": "Копирайтер",
            "chief_position": false,
            "departments": [
                1
            ]
        }
    },
    {
        "model": "users.position",
        "pk": 12,
        "fields": {
            "name": "Медиа-планировщик",
            "chief_position": false,
            "departments": [
                1
            ]
        }
    },
    {
        "model": "users.position",
        "pk": 13,
        "fields": {
            "name": "Аналитик маркетинга",
            "chief_position": false,
            "departments": [
                1
            ]
        }
    },
    {
        "model": "users.position",
        "pk": 14,
        "fields": {
            "name": "Финансовый директор",
            "chief_position": true,
            "departments": [
                3
            ]
        }
    },
    {
        "model": "users.position",
        "pk": 15,
        "fields": {
            "name": "Бухгалтер",
            "chief_position": false,
            "departments": [
                3
            ]
        }
    },
    {
        "model": "users.position",
        "pk": 16,
        "fields": {
            "name": "Финансовый аналитик",
            "chief_position": false,
            "departments": [
                3
            ]
        }
    },
    {
        "model": "users.position",
        "pk": 17,
        "fields": {
            "name": "Кредитный аналитик",
            "chief_position": false,
            "departments": [
                3
            ]
        }
    },
    {
        "model": "users.position",
        "pk": 18,
        "fields": {
            "name": "Руководитель отдела кадров",
            "chief_position": true,
            "departments": [
                4
            ]
        }
    },
    {
        "model": "users.position",
        "pk": 19,
        "fields": {
            "name": "Специалист по подбору персонала",
            "chief_position": false,
            "departments": [
                4
            ]
        }
    },
    {
        "model": "users.position",
        "pk": 20,
        "fields": {
            "name": "HR-менеджер",
            "chief_position": false,
            "departments": [
                4
            ]
        }
    },
    {
        "model": "users.position",
        "pk": 21,
        "fields": {
            "name": "Тренер по развитию персонала",
            "chief_position": false,
            "departments": [
                4
            ]
        }
    },
    {
        "model": "users.position",
        "pk": 22,
        "fields": {
            "name": "Ключевой клиент-менеджер",
            "chief_position": false,
            "departments": [
                5
            ]
        }
    },
    {
        "model": "users.position",
        "pk": 23,
        "fields": {
            "name": "Торговый представитель",
            "chief_position": false,
            "departments": [
                5
            ]
        }
    },
    {
        "model": "users.position",
        "pk": 24,
        "fields": {
            "name": "Специалист по работе с клиентами",
            "chief_position": false,
            "departments": [
                3,
                5,
                7
            ]
        }
    },
    {
        "model": "users.position",
        "pk": 25,
        "fields": {
            "name": "Руководитель IT-поддержки",
            "chief_position": true,
            "departments": [
                6
            ]
        }
    },
    {
        "model": "users.position",
        "pk": 26,
        "fields": {
            "name": "Системный администратор",
            "chief_position": false,
            "departments": [
                6
            ]
        }
    },
    {
        "model": "users.position",
        "pk": 27,
        "fields": {
            "name": "Сетевой инженер",
            "chief_position": false,
            "departments": [
                6
            ]
        }
    },
    {
        "model": "users.position",
        "pk": 28,
        "fields": {
            "name": "Специалист по информационной безопасности",
            "chief_position": false,
            "departments": [
                6
            ]
        }
    },
    {
        "model": "users.position",
        "pk": 29,
        "fields": {
            "name": "Специалист по снабжению",
            "chief_position": false,
            "departments": [
                7
            ]
        }
    },
    {
        "model": "users.position",
        "pk": 30,
        "fields": {
            "name": "Логист",
            "chief_position": false,
            "departments": [
                7
            ]
        }
    },
    {
        "model": "users.position",
        "pk": 31,
        "fields": {
            "name": "Аналитик закупок",
            "chief_position": false,
            "departments": [
                7
            ]
        }
    },
    {
        "model": "users.hobby",
        "pk": 1,
        "fields": {
            "name": "Фотография"
        }
    },
    {
        "model": "users.hobby",
        "pk": 2,
        "fields": {
            "name": "Путешествия"
        }
    },
    {
        "model": "users.hobby",
        "pk": 3,
        "fields": {
            "name": "Танцы"
        }
    },
    {
        "model": "users.hobby",
        "pk": 4,
        "fields": {
            "name": "Йога и медитация"
        }
    },
    {
        "model": "users.hobby",
        "pk": 5,
        "fields": {
            "name": "Изучение иностранных языков"
        }
    },
    {
        "model": "users.hobby",
        "pk": 6,
        "fields": {
            "name": "Астрономия и космос"
        }
    },
    {
        "model": "users.hobby",
        "pk": 7,
        "fields": {
            "name": "Фильмы и сериалы"
        }
    },
    {
        "model": "users.hobby",
        "pk": 8,
        "fields": {
            "name": "Музыка"
        }
    },
    {
        "model": "users.hobby",
        "pk": 9,
        "fields": {
            "name": "Садоводство"
        }
    },
    {
        "model": "users.hobby",
        "pk": 10,
        "fields": {
            "name": "Рисование"
        }
    },
    {
        "model": "users.hobby",
        "pk": 11,
        "fields": {
            "name": "Вязание"
        }
    },
    {
        "model": "users.hobby",
        "pk": 12,
        "fields": {
            "name": "Фитнес"
        }
    },
    {
        "model": "users.hobby",
        "pk": 13,
        "fields": {
            "name": "Лыжи"
        }
    },
    {
        "model": "users.hobby",
        "pk": 14,
        "fields": {
            "name": "Брейк-данс"
        }
    },
    {
        "model": "users.hobby",
        "pk": 15,
        "fields": {
            "name": "Блоггинг"
        }
    },
    {
        "model": "users.hobby",
        "pk": 16,
        "fields": {
            "name": "Моделизм"
        }
    },
    {
        "model": "users.hobby",
        "pk": 17,
        "fields": {
            "name": "Волонтёрство"
        }
    },
    {
        "model": "users.hobby",
        "pk": 18,
        "fields": {
            "name": "Сноубординг"
        }
    },
    {
        "model": "users.hobby",
        "pk": 19,
        "fields": {
            "name": "Покер"
        }
    },
    {
        "model": "users.hobby",
        "pk": 20,
        "fields": {
            "name": "Рыбалка"
        }
    },
    {
        "model": "users.hobby",
        "pk": 21,
        "fields": {
            "name": "Пение"
        }
    },
    {
        "model": "users.hobby",
        "pk": 22,
        "fields": {
            "name": "Шахматы"
        }
    },
    {
        "model": "users.hobby",
        "pk": 23,
        "fields": {
            "name": "Карвинг"
        }
    },
    {
        "model": "users.hobby",
        "pk": 24,
        "fields": {
            "name": "Астрология"
        }
    },
    {
        "model": "users.hobby",
        "pk": 25,
        "fields": {
            "name": "Волейбол"
        }
    },
    {
        "model": "users.user",
        "pk": 1,
        "fields": {
            "password": "pbkdf2_sha256$600000$GzZjsdyyWiokndMnnXIhwt$lVtu0hvAh+cN44J6dwod1b5QpSmEYpV8ItMaNeajUpw=",
            "last_login": "2023-05-18T23:24:10.055Z",
            "is_superuser": true,
            "email": "admin@admin.admin",
            "first_name": "Админ",
            "last_name": "Админыч",
            "patronymic": null,
            "department": null,
            "position": null,
            "role": "employee",
            "avatar": "",
            "about": null,
            "phone": null,
            "is_staff": true,
            "is_active": true,
            "date_joined": "2023-05-18T23:23:58.163Z",
            "groups": [],
            "user_permissions": [],
            "hobbies": []
        }
    },
    {
        "model": "users.user",
        "pk": 2,
        "fields": {
            "password": "pbkdf2_sha256$600000$V1Big0OZbwzR0S1gY6VnIf$EoMLDJyqvMy/UzeQsXRxANMbOt05eTi/aJo3XOjplp4=",
            "last_login": null,
            "is_superuser": false,
            "email": "hr@example.com",
            "first_name": "Елена",
            "last_name": "Дмитриева",
            "patronymic": null,
            "department": 4,
            "position": 20,
            "role": "hr",
            "avatar": "",
            "about": null,
            "phone": "+79039994856",
            "is_staff": false,
            "is_active": true,
            "date_joined": "2023-05-18T23:26:25Z",
            "groups": [],
            "user_permissions": [],
            "hobbies": [
                2,
                4,
                7,
                12,
                13,
                16
            ]
        }
    },
    {
        "model": "users.user",
        "pk": 3,
        "fields": {
            "password": "pbkdf2_sha256$600000$1QIpQusbdxXJjWMEBz1Qwg$4Md84JYL/6/eCsL+gp0GqvxYujqpE/9be3qCydkMpy4=",
            "last_login": null,
            "is_superuser": false,
            "email": "chief@example.com",
            "first_name": "Сергей",
            "last_name": "Сергеев",
            "patronymic": null,
            "department": 2,
            "position": 4,
            "role": "chief",
            "avatar": "",
            "about": null,
            "phone": "+79175584400",
            "is_staff": false,
            "is_active": true,
            "date_joined": "2023-05-18T23:27:18Z",
            "groups": [],
            "user_permissions": [],
            "hobbies": [
                1,
                6,
                7,
                9,
                10,
                20,
                21,
                23
            ]
        }
    },
    {
        "model": "users.user",
        "pk": 4,
        "fields": {
            "password": "pbkdf2_sha256$600000$z9kO9W8wKVR1u5ybPIp2YA$2WuKhVVHYKwAUHHh8Ygc+ecefVU02EmGDx8uA5/w3MA=",
            "last_login": null,
            "is_superuser": false,
            "email": "employee1@example.com",
            "first_name": "Иван",
            "last_name": "Иванов",
            "patronymic": null,
            "department": 1,
            "position": 1,
            "role": "employee",
            "avatar": "",
            "about": null,
            "phone": "+79384449473",
            "is_staff": false,
            "is_active": true,
            "date_joined": "2023-05-18T23:28:02Z",
            "groups": [],
            "user_permissions": [],
            "hobbies": [
                2,
                18,
                19,
                20,
                22,
                23
            ]
        }
    },
    {
        "model": "users.user",
        "pk": 5,
        "fields": {
            "password": "pbkdf2_sha256$600000$3IrfeSIrKs1hoI94QKA1Bc$vIjEqp6rHSmdJjrD/52ftxo8YwgfQ+yWJ2iqVdwU2ag=",
            "last_login": null,
            "is_superuser": false,
            "email": "marina.sokolova@example.com",
            "first_name": "Марина",
            "last_name": "Соколова",
            "patronymic": null,
            "department": 3,
            "position": 15,
            "role": "employee",
            "avatar": "",
            "about": null,
            "phone": "+79164484446",
            "is_staff": false,
            "is_active": true,
            "date_joined": "2023-05-19T01:04:57Z",
            "groups": [],
            "user_permissions": [],
            "hobbies": [
                4,
                15,
                19,
                22,
                24
            ]
        }
    },
    {
        "model": "users.user",
        "pk": 6,
        "fields": {
            "password": "pbkdf2_sha256$600000$7LCGILJ86sw3Or2dRkUST9$uwrihmqaURY29XUm8mTBjh6JAvmuENP3LPvDY9I1jbU=",
            "last_login": null,
            "is_superuser": false,
            "email": "alexander.pavlov@example.com",
            "first_name": "Александр",
            "last_name": "Павлов",
            "patronymic": null,
            "department": 3,
            "position": 14,
            "role": "chief",
            "avatar": "",
            "about": null,
            "phone": "+79164484447",
            "is_staff": false,
            "is_active": true,
            "date_joined": "2023-05-19T01:05:41Z",
            "groups": [],
            "user_permissions": [],
            "hobbies": []
        }
    },
    {
        "model": "users.user",
        "pk": 7,
        "fields": {
            "password": "pbkdf2_sha256$600000$SZp0ejrcY438r0jkZmjl9h$/AZQgUijez7MAEJek7MrlZIICbB84ywrDv3is9Whm0E=",
            "last_login": null,
            "is_superuser": false,
            "email": "elena.volkova@example.com",
            "first_name": "Елена",
            "last_name": "Волкова",
            "patronymic": null,
            "department": 1,
            "position": 11,
            "role": "employee",
            "avatar": "",
            "about": null,
            "phone": null,
            "is_staff": false,
            "is_active": true,
            "date_joined": "2023-05-19T01:06:21Z",
            "groups": [],
            "user_permissions": [],
            "hobbies": [
                2,
                3,
                7,
                19,
                22,
                25
            ]
        }
    },
    {
        "model": "users.user",
        "pk": 8,
        "fields": {
            "password": "pbkdf2_sha256$600000$VYqWtL5oFkty9E4usa5IY9$/3sKgBvKZwNHROTmwE8twsdi1MTzQ7z5o1vblzUW+hA=",
            "last_login": null,
            "is_superuser": false,
            "email": "dmitry.kozlov@example.com",
            "first_name": "Дмитрий",
            "last_name": "Козлов",
            "patronymic": null,
            "department": 7,
            "position": 30,
            "role": "employee",
            "avatar": "",
            "about": null,
            "phone": "+79164484449",
            "is_staff": false,
            "is_active": true,
            "date_joined": "2023-05-19T01:07:25Z",
            "groups": [],
            "user_permissions": [],
            "hobbies": [
                2,
                6,
                13,
                16,
                20,
                21
            ]
        }
    },
    {
        "model": "users.user",
        "pk": 9,
        "fields": {
            "password": "pbkdf2_sha256$600000$XbgQPywQUPMStxPuw2ynbN$LyZsqYabCH+Bp4mpswD5jC2fmiFSesgOAxStGL7VGPY=",
            "last_login": null,
            "is_superuser": false,
            "email": "anna.morozova@example.com",
            "first_name": "Анна",
            "last_name": "Морозова",
            "patronymic": null,
            "department": 2,
            "position": 5,
            "role": "employee",
            "avatar": "",
            "about": null,
            "phone": "+79164484450",
            "is_staff": false,
            "is_active": true,
            "date_joined": "2023-05-19T01:08:13Z",
            "groups": [],
            "user_permissions": [],
            "hobbies": [
                2,
                9,
                10,
                14,
                15,
                21,
                24
            ]
        }
    },
    {
        "model": "users.user",
        "pk": 10,
        "fields": {
            "password": "pbkdf2_sha256$600000$7sLf9lByAs0fKSM6rCgPC8$ytCp8KlZ4pSlj/9oJnxq7GSXf5Wxh0tyrpG5yZP9EQE=",
            "last_login": null,
            "is_superuser": false,
            "email": "alexey.ivanov@example.com",
            "first_name": "Катерина",
            "last_name": "Петрова",
            "patronymic": null,
            "department": 4,
            "position": 19,
            "role": "hr",
            "avatar": "",
            "about": null,
            "phone": "+79164484452",
            "is_staff": false,
            "is_active": true,
            "date_joined": "2023-05-19T01:08:55Z",
            "groups": [],
            "user_permissions": [],
            "hobbies": [
                23,
                14,
                7
            ]
        }
    },
    {
        "model": "users.user",
        "pk": 11,
        "fields": {
            "password": "pbkdf2_sha256$600000$EQnrqO0JVmc8rDruu4xpQs$Xg1wBsT63FA10lRayNzcp7eBYM7wj7MUD7r+d3M6l1k=",
            "last_login": null,
            "is_superuser": false,
            "email": "mikhail.smirnov@example.com",
            "first_name": "Михаил",
            "last_name": "Смирнов",
            "patronymic": null,
            "department": 5,
            "position": 1,
            "role": "employee",
            "avatar": "",
            "about": null,
            "phone": "+79164484453",
            "is_staff": false,
            "is_active": true,
            "date_joined": "2023-05-19T01:09:39Z",
            "groups": [],
            "user_permissions": [],
            "hobbies": [
                16,
                5,
                15
            ]
        }
    },
    {
        "model": "users.user",
        "pk": 12,
        "fields": {
            "password": "pbkdf2_sha256$600000$2xVVPQIEEoCwg1e16pz6qm$yJwSxXDp15x1tpJvF/gtEwdCQ/s2rb33Mp9QutMxGTk=",
            "last_login": null,
            "is_superuser": false,
            "email": "anna.kuznetsova@example.com",
            "first_name": "Анна",
            "last_name": "Кузнецова",
            "patronymic": null,
            "department": 3,
            "position": 15,
            "role": "employee",
            "avatar": "",
            "about": null,
            "phone": "+79164484454",
            "is_staff": false,
            "is_active": true,
            "date_joined": "2023-05-19T01:10:26Z",
            "groups": [],
            "user_permissions": [],
            "hobbies": [
                24,
                3,
                7
            ]
        }
    },
    {
        "model": "users.user",
        "pk": 13,
        "fields": {
            "password": "pbkdf2_sha256$600000$2GCeVYVOoHYk1NtmS7Lmxt$XA/6uEOI34P2Ilh/I2XjBeFbIREUP6/uWyO1oWFYp2Y=",
            "last_login": null,
            "is_superuser": false,
            "email": "denis.lebedev@example.com",
            "first_name": "Денис",
            "last_name": "Лебедев",
            "patronymic": null,
            "department": 5,
            "position": 24,
            "role": "employee",
            "avatar": "",
            "about": null,
            "phone": null,
            "is_staff": false,
            "is_active": true,
            "date_joined": "2023-05-19T01:11:03Z",
            "groups": [],
            "user_permissions": [],
            "hobbies": []
        }
    },
    {
        "model": "users.user",
        "pk": 14,
        "fields": {
            "password": "pbkdf2_sha256$600000$zWtOrAlyAn8czDvxm13Biw$4PzP7AD2yunN8K3oterzQ2j7mGezLRvnJjSREFzTyow=",
            "last_login": null,
            "is_superuser": false,
            "email": "olga.semenova@example.com",
            "first_name": "Ольга",
            "last_name": "Семенова",
            "patronymic": null,
            "department": 6,
            "position": 27,
            "role": "employee",
            "avatar": "",
            "about": null,
            "phone": null,
            "is_staff": false,
            "is_active": true,
            "date_joined": "2023-05-19T01:11:41Z",
            "groups": [],
            "user_permissions": [],
            "hobbies": [
                8,
                10,
                14,
                15,
                18
            ]
        }
    },
    {
        "model": "users.user",
        "pk": 15,
        "fields": {
            "password": "pbkdf2_sha256$600000$smVcdCG65RzWRazkAAcxaF$yLXNBCA4cB3c2/LaAxil8+C6ZOZqna8aMAJGH5QTY7w=",
            "last_login": null,
            "is_superuser": false,
            "email": "yulia.novikova@example.com",
            "first_name": "Юлия",
            "last_name": "Новикова",
            "patronymic": null,
            "department": 1,
            "position": 10,
            "role": "employee",
            "avatar": "",
            "about": null,
            "phone": "+79164484458",
            "is_staff": false,
            "is_active": true,
            "date_joined": "2023-05-19T01:12:18Z",
            "groups": [],
            "user_permissions": [],
            "hobbies": [
                2,
                8,
                10,
                20,
                22
            ]
        }
    },
    {
        "model": "users.user",
        "pk": 16,
        "fields": {
            "password": "pbkdf2_sha256$600000$i4nkYjOCHgaNxfEFeugoKA$s+Uqy9yf9UpXuC4PNK1EuTEQJmGgBftNQzXioQ7e4r4=",
            "last_login": null,
            "is_superuser": false,
            "email": "sergey.morozov@example.com",
            "first_name": "Сергей",
            "last_name": "Морозов",
            "patronymic": null,
            "department": 6,
            "position": 25,
            "role": "chief",
            "avatar": "",
            "about": null,
            "phone": "+79164484459",
            "is_staff": false,
            "is_active": true,
            "date_joined": "2023-05-19T01:13:05Z",
            "groups": [],
            "user_permissions": [],
            "hobbies": [
                1,
                4,
                12,
                14,
                16,
                21,
                23,
                24
            ]
        }
    },
    {
        "model": "users.user",
        "pk": 17,
        "fields": {
            "password": "pbkdf2_sha256$600000$4un0ZvhlpmLkDB8SW0R8d6$ZGbCu+xuJJqvNPpymII6tshzoXgOltpe6jR7V5rymcI=",
            "last_login": null,
            "is_superuser": false,
            "email": "alexandra.kovaleva@example.com",
            "first_name": "Александра",
            "last_name": "Ковалева",
            "patronymic": null,
            "department": 3,
            "position": 15,
            "role": "employee",
            "avatar": "",
            "about": null,
            "phone": "+79164484461",
            "is_staff": false,
            "is_active": true,
            "date_joined": "2023-05-19T01:14:15Z",
            "groups": [],
            "user_permissions": [],
            "hobbies": [
                25,
                18,
                22,
                7
            ]
        }
    },
    {
        "model": "users.user",
        "pk": 18,
        "fields": {
            "password": "pbkdf2_sha256$600000$VrRXNYL8vvoVBLnBOq9WQL$FtSiMOSfPq7uiHeT9ZJuY4gV+TAjJtjrGawvgXMqNLI=",
            "last_login": null,
            "is_superuser": false,
            "email": "dmitry.smirnov@example.com",
            "first_name": "Дмитрий",
            "last_name": "Смирнов",
            "patronymic": null,
            "department": 5,
            "position": 2,
            "role": "employee",
            "avatar": "",
            "about": null,
            "phone": "+79164484462",
            "is_staff": false,
            "is_active": true,
            "date_joined": "2023-05-19T01:14:59Z",
            "groups": [],
            "user_permissions": [],
            "hobbies": [
                16,
                18,
                13
            ]
        }
    },
    {
        "model": "users.user",
        "pk": 19,
        "fields": {
            "password": "pbkdf2_sha256$600000$jrpK7V3a28sXzrobhGjVUP$D1z70NrGNaGL/JxfS7OqvzQttvdkqzwqh2SQXOuZmlo=",
            "last_login": null,
            "is_superuser": false,
            "email": "ivan.petrov@example.com",
            "first_name": "Иван",
            "last_name": "Петров",
            "patronymic": null,
            "department": 2,
            "position": 8,
            "role": "employee",
            "avatar": "",
            "about": null,
            "phone": "+79164484464",
            "is_staff": false,
            "is_active": true,
            "date_joined": "2023-05-19T01:15:40Z",
            "groups": [],
            "user_permissions": [],
            "hobbies": [
                17,
                13
            ]
        }
    },
    {
        "model": "users.user",
        "pk": 20,
        "fields": {
            "password": "pbkdf2_sha256$600000$JXkFnP60G6DGmig0ugOpAM$Q5Zc+VZnAJ3oOw+1YZ9+1qZ9HtbPSrKi98+zNHWHMXc=",
            "last_login": null,
            "is_superuser": false,
            "email": "ekaterina.sidorova@example.com",
            "first_name": "Екатерина",
            "last_name": "Сидорова",
            "patronymic": null,
            "department": 7,
            "position": 30,
            "role": "employee",
            "avatar": "",
            "about": null,
            "phone": null,
            "is_staff": false,
            "is_active": true,
            "date_joined": "2023-05-19T01:16:24Z",
            "groups": [],
            "user_permissions": [],
            "hobbies": []
        }
    },
    {
        "model": "users.user",
        "pk": 21,
        "fields": {
            "password": "pbkdf2_sha256$600000$b3PAL79K858m90ryMm0PyG$rZ94AwKwWh/LBxsPmZLWOotK7e/HzjzXMY6Rt1l9DSc=",
            "last_login": null,
            "is_superuser": false,
            "email": "alexey.petrov@example.com",
            "first_name": "Алексей",
            "last_name": "Петров",
            "patronymic": null,
            "department": 2,
            "position": 7,
            "role": "employee",
            "avatar": "",
            "about": null,
            "phone": "+79164484469",
            "is_staff": false,
            "is_active": true,
            "date_joined": "2023-05-19T01:16:53Z",
            "groups": [],
            "user_permissions": [],
            "hobbies": [
                12,
                15,
                18,
                19,
                24,
                25
            ]
        }
    },
    {
        "model": "users.user",
        "pk": 22,
        "fields": {
            "password": "pbkdf2_sha256$600000$Km1ce30x1B0xBU5SsyVxyP$F0DclhG0Wv/XB0PRLZw57/DqstifLPZeNYhnFL97v0k=",
            "last_login": null,
            "is_superuser": false,
            "email": "olga.novikova@example.com",
            "first_name": "Ольга",
            "last_name": "Новикова",
            "patronymic": null,
            "department": 3,
            "position": 15,
            "role": "employee",
            "avatar": "",
            "about": null,
            "phone": "+79164484470",
            "is_staff": false,
            "is_active": true,
            "date_joined": "2023-05-19T01:17:56Z",
            "groups": [],
            "user_permissions": [],
            "hobbies": [
                17,
                21,
                13,
                6
            ]
        }
    },
    {
        "model": "users.user",
        "pk": 23,
        "fields": {
            "password": "pbkdf2_sha256$600000$Rg9YfWossG8a9nRuBzpXqT$s4249S3fAlbaY7l4z/Otr37ymxLJ4T0qm2Sx25i461g=",
            "last_login": null,
            "is_superuser": false,
            "email": "elena.pavlova@example.com",
            "first_name": "Елена",
            "last_name": "Павлова",
            "patronymic": null,
            "department": 1,
            "position": 1,
            "role": "employee",
            "avatar": "",
            "about": null,
            "phone": null,
            "is_staff": false,
            "is_active": true,
            "date_joined": "2023-05-19T01:18:38Z",
            "groups": [],
            "user_permissions": [],
            "hobbies": [
                11,
                3,
                12,
                7
            ]
        }
    },
    {
        "model": "users.user",
        "pk": 24,
        "fields": {
            "password": "pbkdf2_sha256$600000$4IsT3FwEDk6ftNeuksXEhY$ThuoTNC2Igw2UrB/5w3U1S5KndXe6MFHltBKbVrW0UY=",
            "last_login": null,
            "is_superuser": false,
            "email": "ivan.nikolaev@example.com",
            "first_name": "Иван",
            "last_name": "Николаев",
            "patronymic": null,
            "department": 1,
            "position": 3,
            "role": "chief",
            "avatar": "",
            "about": null,
            "phone": "+79164484474",
            "is_staff": false,
            "is_active": true,
            "date_joined": "2023-05-19T01:19:36Z",
            "groups": [],
            "user_permissions": [],
            "hobbies": [
                16,
                18,
                4,
                23
            ]
        }
    },
    {
        "model": "metrics.survey",
        "pk": 1,
        "fields": {
            "author": 1,
            "title": "Экспресс-оценка выгорания",
            "description": "Экспресс оценка выгорания содержит 10 вопросов. На вопросы необходимо отвечать \"да\" или \"нет\".",
            "frequency": 30,
            "creation_date": "2023-05-27T10:26:24.834Z",
            "is_active": true
        }
    },
    {
        "model": "metrics.surveydepartment",
        "pk": 1,
        "fields": {
            "survey": 1,
            "department": 2
        }
    },
    {
        "model": "metrics.question",
        "pk": 1,
        "fields": {
            "survey": 1,
            "text": "Когда в воскресенье пополудни я вспоминаю о том, что завтра снова идти на работу, то остаток уик-энда уже испорчен"
        }
    },
    {
        "model": "metrics.question",
        "pk": 2,
        "fields": {
            "survey": 1,
            "text": "Если бы у меня была возможность уйти на пенсию (по выслуге лет, инвалидности), я сделал (а) бы это без промедления"
        }
    },
    {
        "model": "metrics.question",
        "pk": 3,
        "fields": {
            "survey": 1,
            "text": "Коллеги на работе раздражают меня. Невозможно терпеть их одни и те же разговоры"
        }
    },
    {
        "model": "metrics.question",
        "pk": 4,
        "fields": {
            "survey": 1,
            "text": "То насколько меня раздражают коллеги, еще мелочи по сравнению с тем, как выводят меня из равновесия клиенты (пациенты, ученики, посетители, заказчики)"
        }
    },
    {
        "model": "metrics.question",
        "pk": 5,
        "fields": {
            "survey": 1,
            "text": "На протяжении последних трех месяцев я отказывался (отказывалась) от курсов повышения квалификации, от участия в конференциях и т.д."
        }
    },
    {
        "model": "metrics.question",
        "pk": 6,
        "fields": {
            "survey": 1,
            "text": "Коллегам (посетителям, заказчикам, ученикам и т.д.) я придумал (а) Обидные прозвища (например, \"идиоты\"), которые использую мысленно"
        }
    },
    {
        "model": "metrics.question",
        "pk": 7,
        "fields": {
            "survey": 1,
            "text": "С делами по службе я справляюсь \"одной левой\" нет ничего такого, что могло бы удивить меня в ней своей новизной"
        }
    },
    {
        "model": "metrics.question",
        "pk": 8,
        "fields": {
            "survey": 1,
            "text": "О моей работе мне едва ли кто скажет что-нибудь новое"
        }
    },
    {
        "model": "metrics.question",
        "pk": 9,
        "fields": {
            "survey": 1,
            "text": "Стоит мне только вспомнить о своей работе, как хочется взять и послать ее ко всем чертям"
        }
    },
    {
        "model": "metrics.question",
        "pk": 10,
        "fields": {
            "survey": 1,
            "text": "За последние три месяца мне не попала в руки ни одна специальная книга, из которой я почерпнул бы что-нибудь новенькое"
        }
    }
]
